id,routeLength,NOx_abs,NOx/km
832.0,2628.58,163.671697,0.06226620342542361
833.0,3164.13,217.466777,0.06872877441824451
834.0,3068.86,258.099417,0.08410270165468611
839.0,3995.82,256.085507,0.06408834907478314
837.0,3688.64,247.834573,0.06718860420100634
842.0,3592.59,218.125194,0.06071530400073484
836.0,5357.24,318.910405,0.05952886280995439
835.0,4818.86,328.330472,0.06813446997837663
838.0,5547.44,327.372982,0.05901334345211485
845.0,3030.21,221.808168,0.07319894264753928
846.0,2815.38,194.55063,0.0691027960701575
844.0,2950.18,225.75824,0.07652354771573261
843.0,4117.92,282.331982,0.06856179381823833
848.0,3017.94,218.500514,0.0724005493813661
850.0,2831.39,192.660633,0.06804454102048817
841.0,4236.88,318.401407,0.07514997049715828
847.0,3629.02,227.989095,0.06282387393841864
852.0,2323.23,185.855239,0.07999863939429157
851.0,3123.8,244.291556,0.07820332799795121
854.0,2885.7,190.859717,0.06613983331600652
810.0,2628.58,162.305272,0.06174636952270808
849.0,4658.29,304.377788,0.06534109898696733
840.0,4238.2,427.98656,0.1009830965976122
856.0,2682.74,228.876576,0.0853144829539948
857.0,3845.69,273.885782,0.0712188923184136
858.0,3905.97,274.132241,0.07018288440515418
811.0,3164.13,222.997835,0.07047682459317411
812.0,3068.86,247.023984,0.0804937286158378
855.0,6235.77,409.013991,0.06559157746356904
860.0,3366.75,230.500254,0.06846372733348184
859.0,4912.33,335.249691,0.06824657362188614
817.0,3995.82,269.154035,0.06735889879924521
814.0,5357.24,319.048456,0.05955463186267556
820.0,3592.59,205.724306,0.05726350794273769
813.0,4815.23,306.152304,0.06357999597111666
815.0,3688.64,320.839126,0.08698033041988376
824.0,2815.38,186.213719,0.06614159331955188
822.0,2950.18,231.872356,0.07859600295575185
823.0,3030.21,253.36074,0.08361161107646005
816.0,5547.44,334.811284,0.060354196530291455
825.0,3629.02,224.014586,0.061728672203515
819.0,4236.88,302.780356,0.07146304733671947
826.0,3017.94,241.978745,0.080180104640914
821.0,4117.92,286.948016,0.06968275634300812
3316.0,2628.58,150.834345,0.057382444133334355
828.0,2831.39,185.104324,0.06537577797477565
830.0,2323.23,199.409653,0.0858329364720669
829.0,3123.8,235.351891,0.07534153626992765
3317.0,3164.13,207.460499,0.06556636389781709
827.0,4658.29,301.226842,0.06466468210437736
818.0,4238.2,426.665272,0.10067133971969233
3319.0,4818.86,318.542592,0.066103309081401
3318.0,3068.86,304.550813,0.09923907020848133
3321.0,3688.64,236.441993,0.06410004581634424
3323.0,3995.82,252.088457,0.0630880412531095
3320.0,5357.24,308.395246,0.05756606872195384
3322.0,5547.44,349.30909,0.06296761929827092
3327.0,4117.92,257.217757,0.06246302915063916
3326.0,3592.59,224.860681,0.06259013163205375
1190.0,2628.58,159.191519,0.060561793439804
3330.0,2815.38,203.513852,0.07228645937670937
3325.0,4236.88,319.881627,0.07549933606805007
3328.0,2950.18,216.751346,0.07347054959358412
3329.0,3030.21,215.423541,0.07109195105289733
3331.0,3629.02,250.70674,0.06908386837217761
1191.0,3164.13,196.216419,0.06201275516492685
3324.0,4238.2,390.577696,0.09215650417630127
1194.0,5357.24,317.581706,0.05928084349403798
1195.0,3688.64,278.450718,0.07548872158844452
1192.0,3068.86,304.175885,0.09911689845740763
1197.0,3995.82,266.29121,0.06664244385382724
1200.0,3592.59,234.84531,0.06536936026654865
1193.0,4818.86,309.725925,0.06427369232557079
1202.0,2950.18,235.610997,0.0798632615637012
1196.0,5547.44,338.149657,0.06095598275961525
1204.0,2815.38,201.858958,0.07169865453331344
1203.0,3030.21,236.90801,0.0781820434887351
1201.0,4117.92,274.489682,0.06665736148346739
1206.0,3017.94,232.293234,0.07697079265989384
1205.0,3629.02,250.805958,0.06911120853563772
1208.0,2845.45,188.47638,0.06623781124250998
1199.0,4236.88,306.108799,0.07224863555257642
1210.0,2323.23,199.68081,0.08594965199313026
1379.0,2628.58,161.582632,0.06147145302787056
1209.0,3123.8,218.347991,0.06989819802804277
1212.0,2885.7,198.501106,0.06878785251412135
1380.0,3164.13,194.556578,0.06148817463252142
1214.0,2682.74,179.862937,0.06704449070726198
1207.0,4658.29,276.763167,0.05941303933417628
1198.0,4238.2,409.98902,0.09673659100561559
1381.0,3068.86,252.202653,0.08218121810704952
1384.0,3688.64,241.559196,0.06548733300078077
1213.0,6235.77,384.765129,0.06170290581596178
1382.0,4818.86,345.310187,0.0716580658080957
1383.0,5357.24,335.934798,0.06270669187865394
1386.0,3995.82,242.550072,0.06070095049326546
1385.0,5547.44,338.047297,0.06093753100529254
1388.0,4236.88,292.141772,0.06895209965823908
1391.0,2950.18,212.867576,0.07215409771607156
1392.0,3030.21,233.503047,0.0770583712019959
2509.0,2628.58,159.122718,0.06053561923167642
1393.0,2815.38,195.472601,0.0694302726452557
1390.0,4117.92,286.565532,0.06958987352838326
1389.0,3592.59,254.229406,0.07076493727366608
1394.0,3629.02,227.136276,0.06258887413130818
1395.0,3017.94,237.224373,0.07860473468657429
2510.0,3164.13,211.895776,0.0669681005521265
1387.0,4238.2,392.234902,0.09254752064555707
2511.0,3068.86,286.432569,0.09333516973729658
2514.0,3688.64,242.461589,0.06573197411512102
2512.0,4818.86,338.196048,0.07018175419082523
2513.0,5357.24,325.585696,0.06077489453524576
3332.0,2628.58,161.316079,0.06137004732593263
2516.0,3995.82,248.429953,0.06217245846910021
2515.0,5547.44,332.721966,0.05997756911296022
3333.0,3164.13,228.38762,0.07218022647615616
2518.0,4236.88,297.457015,0.0702066178414305
2517.0,4238.2,394.624152,0.09311126232834693
3334.0,3068.86,300.789683,0.09801349132902772
2397.0,2628.58,161.312396,0.06136864618919721
3335.0,4818.86,338.04749,0.07015092573762259
3336.0,5357.24,349.262635,0.06519450967289127
2398.0,3164.13,226.302576,0.07152126366489366
2399.0,3068.86,230.484856,0.07510438925203496
1010.0,2628.58,141.693453,0.053904942212144966
2400.0,4818.86,319.548037,0.06631195697737641
1011.0,3164.13,217.560409,0.06875836612275728
1012.0,3068.86,247.576316,0.08067370815221286
1013.0,4818.86,317.12252,0.06580861863594295
1014.0,5357.24,359.086744,0.06702831009997685
1017.0,3995.82,241.009889,0.06031550194953726
1015.0,3688.64,285.436712,0.0773826429253058
1020.0,3592.59,237.744721,0.06617641339534987
1016.0,5547.44,322.093715,0.05806168520975441
1003.0,2628.58,160.564852,0.06108425537742812
1024.0,2815.38,209.078568,0.07426300108688702
1022.0,2950.18,226.756832,0.07686203282511576
1023.0,3030.21,226.409474,0.0747174202448015
1019.0,4236.88,310.399537,0.07326134726496857
1021.0,4117.92,285.667058,0.06937168716245094
1025.0,3629.02,251.357858,0.06926328816044
1018.0,4238.2,395.438149,0.0933033242886131
1004.0,3164.13,212.892144,0.06728299532572934
1005.0,3068.86,228.562161,0.07447787158749503
1008.0,3688.64,256.962954,0.06966333228506985
1006.0,4818.86,323.64508,0.06716216698555261
1007.0,5357.24,316.31935,0.05904520798022862
3200.0,2628.58,145.024392,0.05517214313431587
1009.0,5547.44,330.254127,0.05953270824019728
3201.0,3164.13,233.313122,0.07373689513389146
3202.0,3068.86,264.195638,0.08608917904368396
901.0,2628.58,166.166289,0.06321522989598947
3203.0,4818.86,333.660534,0.0692405535749119
3205.0,3688.64,259.124524,0.0702493395939967
3204.0,5357.24,294.586462,0.05498847578230581
903.0,3068.86,203.721006,0.06638328434663034
902.0,3164.13,216.081575,0.06829099152057595
904.0,4818.86,317.69838,0.06592811992877984
906.0,3688.64,302.811999,0.08209312890387786
908.0,3995.82,259.74436,0.06500401920006406
905.0,5357.24,325.344651,0.06072990028447484
911.0,3592.59,220.443509,0.06136060864167634
907.0,5547.44,343.568596,0.06193281874161776
2435.0,2628.58,140.081656,0.05329176057034597
912.0,4117.92,282.218651,0.06853427239965808
915.0,2815.38,189.523346,0.06731714582045763
910.0,4236.88,302.383388,0.0713693538641642
913.0,2950.18,224.476931,0.07608923218244311
914.0,3030.21,225.96708,0.0745714257427703
2436.0,3164.13,206.312194,0.06520345055354869
909.0,4238.2,385.528878,0.0909652394884621
2437.0,3068.86,243.235821,0.07925934092790156
2439.0,5357.24,322.535311,0.060205499660272825
2438.0,4818.86,310.940968,0.06452583557106868
2442.0,3995.82,251.928483,0.06304800591618241
2440.0,3688.64,303.17602,0.08219181595384749
973.0,2628.58,152.556859,0.0580377462356101
2441.0,5547.44,338.534462,0.061025348989804315
2445.0,3592.59,225.649512,0.06280970330597145
974.0,3164.13,222.58338,0.07034583914061684
2444.0,4236.88,313.264997,0.07393766096750438
2443.0,4238.2,401.921441,0.09483305200320892
975.0,3068.86,294.69581,0.09602777904498738
976.0,4818.86,326.533187,0.06776150106041678
1872.0,2628.58,156.403757,0.05950123526771109
978.0,3688.64,272.37163,0.0738406648520864
977.0,5357.24,326.467653,0.060939523523306775
1873.0,3164.13,220.48431,0.06968244351527908
1874.0,3068.86,221.523018,0.07218413938726433
1792.0,2628.58,169.040029,0.06430849698316202
1875.0,4818.86,344.42637,0.07147465790664183
1793.0,3164.13,201.470391,0.06367323434877833
1876.0,5357.24,323.583004,0.06040106547401274
1794.0,3068.86,224.4311,0.07313174924890675
1797.0,3688.64,267.697226,0.07257342164049622
1795.0,4818.86,309.80351,0.0642897926065501
1796.0,5357.24,322.387931,0.06017798922579537
733.0,2628.58,146.445108,0.05571263115446363
1798.0,5547.44,347.081315,0.06256603316124194
734.0,3164.13,217.73571,0.06881376871367485
620.0,2628.58,157.990401,0.060104847864626526
735.0,3068.86,272.933473,0.08893643665726035
621.0,3164.13,202.562526,0.06401839557793138
622.0,3068.86,242.97123,0.0791731229186082
624.0,5357.24,318.642029,0.05947876686502751
2720.0,2628.58,151.150657,0.05750277982789186
623.0,4818.86,314.888057,0.06534492743096916
2721.0,3164.13,203.932695,0.06445142740658569
625.0,3688.64,310.271108,0.08411531296087447
2722.0,3068.86,268.096029,0.08736013666312571
2723.0,4818.86,301.401248,0.06254617233121527
2724.0,5357.24,336.296089,0.06277413164241288
2727.0,3995.82,262.569113,0.06571094618876726
2725.0,3688.64,265.292843,0.07192158708900842
3206.0,2628.58,150.883085,0.057400986464174575
2726.0,5547.44,342.803422,0.06179488592936563
3207.0,3164.13,213.439162,0.06745587633883564
3208.0,3068.86,201.222659,0.06556918823276395
2728.0,4238.2,408.236264,0.09632302958803265
3209.0,4818.86,340.031985,0.07056274409300126
2729.0,2628.58,147.432809,0.05608838574439431
3210.0,5357.24,303.763087,0.05670141472101306
3211.0,3688.64,286.539479,0.07768160595775137
3212.0,5547.44,340.431991,0.06136740388359315
3213.0,3995.82,260.193221,0.06511635183767037
2730.0,3164.13,220.474554,0.06967936020327863
2731.0,3068.86,242.841921,0.07913098707663432
2712.0,2628.58,145.488075,0.05534854370040098
2732.0,4818.86,332.861284,0.06907469484483883
2713.0,3164.13,202.814846,0.06409813945697553
2714.0,3068.86,261.400235,0.08517828607365602
2715.0,4818.86,331.260587,0.06874252146773303
626.0,2628.58,150.956999,0.05742910582900273
2716.0,5357.24,329.197684,0.06144912006928941
2717.0,3688.64,270.269555,0.07327078679404876
2719.0,3992.19,233.453747,0.05847761429190494
2718.0,5547.44,350.332227,0.06315205337957688
627.0,3164.13,224.908333,0.0710806234257126
628.0,3068.86,279.145571,0.09096067301864537
2326.0,2628.58,161.524091,0.061449182067884564
629.0,4818.86,330.870564,0.06866158469015494
630.0,5357.24,329.923656,0.061584632385332745
2327.0,3164.13,222.352591,0.07027289997566472
2328.0,3068.86,218.648175,0.07124736058340882
2331.0,3688.64,255.846164,0.06936056758046326
2329.0,4818.86,308.16084,0.06394890907808072
2330.0,5357.24,319.794087,0.059693813792176566
1137.0,2628.58,148.216894,0.056386677978223984
2332.0,5547.44,349.047846,0.06292052658523571
2333.0,3995.82,272.805293,0.06827266818825672
1138.0,3164.13,210.903203,0.06665440516034422
1139.0,3068.86,243.999487,0.07950818447240994
1140.0,4818.86,345.323966,0.07166092519807589
1141.0,5357.24,324.441667,0.06056134632758659
3278.0,2628.58,149.730705,0.05696258245897024
1142.0,3688.64,267.403388,0.0724937613863104
1144.0,3995.82,264.040117,0.06607908189057565
3279.0,3164.13,196.354309,0.06205633428462168
1143.0,5547.44,320.266221,0.057732255058189
3280.0,3068.86,238.920688,0.07785323801020574
3281.0,4818.86,322.150181,0.06685194859365078
3282.0,5357.24,343.238273,0.06406998249098417
3283.0,3688.64,285.234441,0.07732780672551401
2871.0,2628.58,147.404885,0.05607776251816571
3285.0,3995.82,251.412597,0.06291889949997748
3284.0,5547.44,317.078398,0.05715760747299656
2872.0,3164.13,208.923532,0.0660287447102363
2873.0,3068.86,226.913222,0.07394055838324329
2876.0,3688.64,265.041919,0.0718535609330268
2874.0,4818.86,319.229018,0.06624575480507838
2878.0,3995.82,259.315439,0.06489667677723221
2875.0,5357.24,338.071429,0.06310552243319321
1445.0,2628.58,166.620888,0.06338817460377848
2877.0,5547.44,311.731743,0.056193801645443665
1446.0,3164.13,204.581464,0.06465646607440276
1447.0,3068.86,249.48254,0.0812948586771635
2880.0,4235.87,317.395654,0.07493045206769801
1448.0,4818.86,341.594147,0.07088692076549226
1452.0,3995.82,275.22684,0.0688786882291995
1450.0,3688.64,313.108805,0.08488462007677627
2879.0,4238.2,418.292726,0.09869584399037327
1449.0,5357.24,326.296898,0.060907649834616336
1451.0,5547.44,351.971224,0.06344750443447789
1459.0,2815.38,194.63323,0.06913213491606816
1457.0,2950.18,243.261219,0.08245639893159062
1456.0,4114.29,297.998334,0.07243007517700502
1458.0,3030.21,199.125384,0.06571339412119952
1455.0,3592.59,230.837643,0.06425382328626422
3286.0,2628.58,136.941992,0.052097327073933455
1454.0,4235.87,296.588641,0.0700183530183882
1460.0,3629.02,236.836347,0.06526179161316278
3287.0,3164.13,204.51913,0.06463676587245151
1461.0,3017.94,222.191727,0.0736236396349828
3288.0,3068.86,228.719683,0.07452920074555372
1453.0,4238.2,389.610057,0.09192819050540324
1462.0,4658.29,295.825731,0.06350521994122307
3293.0,3995.82,259.938311,0.06505255767276805
3296.0,3592.59,218.950863,0.060945129558340916
3289.0,4818.86,331.637535,0.06882074494797526
3290.0,5357.24,350.364823,0.06540024770217501
3300.0,2815.38,191.257242,0.06793301152952709
3298.0,2950.18,233.095795,0.07901070273678217
3291.0,3688.64,312.974993,0.08484834329183656
3299.0,3030.21,220.327629,0.07271034977773817
3292.0,5547.44,317.391229,0.05721399943036789
3295.0,4236.88,295.733075,0.06979972880987896
3297.0,4117.92,291.576408,0.07080671989742394
3306.0,2323.23,191.012781,0.08221862708384448
3302.0,3017.94,246.403389,0.08164621861269608
3301.0,3629.02,244.089952,0.06726056952014593
3304.0,2831.39,209.376437,0.07394828582427714
3308.0,2885.7,197.344511,0.06838705028242716
3305.0,3123.8,228.391212,0.07311326333311992
3294.0,4238.2,390.220772,0.09207228823557172
3310.0,2682.74,190.151844,0.07087971402372202
3303.0,4658.29,291.732989,0.06262662672354018
3337.0,2628.58,145.448972,0.05533366760760563
3312.0,3905.97,290.399755,0.07434766652073621
3311.0,3845.69,308.92428,0.08033000059807213
3338.0,3164.13,211.210973,0.06675167360380262
3309.0,6235.77,401.991976,0.06446549119034217
3344.0,3995.82,270.963662,0.06781177880885525
3341.0,5357.24,334.56301,0.06245062942858637
3339.0,3068.86,275.543655,0.08978697464204949
3315.0,4012.69,301.436549,0.07512081645978134
3314.0,3366.75,270.505515,0.0803461840053464
3340.0,4818.86,341.933795,0.07095740382580112
3342.0,3688.64,278.712287,0.0755596336319077
3347.0,3592.59,211.515722,0.058875552734934965
3351.0,2815.38,194.468838,0.06907374421925282
3313.0,4912.33,429.706401,0.08747506804306715
3343.0,5547.44,366.923107,0.06614278063395009
3348.0,4117.92,280.912008,0.0682169658468353
3346.0,4236.88,307.10282,0.07248324710636128
3349.0,2950.18,226.160724,0.07665997464561485
3350.0,3030.21,221.023371,0.07293995168651678
3352.0,3629.02,249.97375,0.0688818882232669
3355.0,2831.39,198.195901,0.06999950589639718
3357.0,2323.23,202.470629,0.08715048832874919
3353.0,3017.94,262.64739,0.08702869838366567
3359.0,2885.7,186.061427,0.06447705132203625
3578.0,2628.58,144.711414,0.05505307580518759
3356.0,3123.8,258.827673,0.08285667232217171
3361.0,2682.74,201.228958,0.07500874404526717
3354.0,4658.29,300.682358,0.06454779715303255
3362.0,3845.69,275.412958,0.07161600597032002
3345.0,4238.2,395.686124,0.09336183379736682
3579.0,3164.13,217.413691,0.06871199697863235
3363.0,3905.97,284.875422,0.07293333589351686
3360.0,6235.77,405.889272,0.06509048152834374
3583.0,3685.01,236.781219,0.06425524462620183
3582.0,5357.24,331.091318,0.06180259200633162
3580.0,3068.86,295.205505,0.09619386514862197
3592.0,2815.38,196.487431,0.06979073197934203
3585.0,3995.82,247.434942,0.06192344550054807
3581.0,4818.86,307.681671,0.06384947290437988
3584.0,5547.44,340.957958,0.06146221644578401
3598.0,2323.23,183.68886,0.07906615358789272
3591.0,3030.21,241.978126,0.07985523313565726
3590.0,2950.18,243.856879,0.08265830525595048
3593.0,3629.02,226.299258,0.062358228392238126
3364.0,4912.33,416.284028,0.08474268381806596
3589.0,4117.92,297.689585,0.07229125019427284
3588.0,3592.59,241.196527,0.06713722606810128
3594.0,3017.94,261.712027,0.08671876412387257
3587.0,4235.87,348.166817,0.0821948777937
3597.0,3123.8,247.532361,0.07924078398104872
3596.0,2831.39,203.35903,0.07182303744803789
3595.0,4658.29,280.98288,0.06031888954959868
3600.0,2885.7,212.454981,0.07362337768998857
3602.0,2682.74,196.378732,0.07320080663798953
3617.0,3113.32,191.230672,0.06142339110660002
3613.0,3178.9,190.108243,0.05980315297744502
3604.0,3905.97,291.001491,0.07450172197943149
3603.0,3845.69,276.364735,0.07186349783783924
3618.0,3271.45,192.297197,0.0587804175518501
3606.0,3366.75,278.905896,0.08284128491869013
3529.0,2628.58,171.340828,0.06518379809631056
3609.0,4122.23,289.519875,0.07023379942409813
3610.0,3018.85,208.572353,0.06909000215313778
3530.0,3164.13,204.889054,0.06475367763018586
3586.0,4238.2,391.505982,0.09237553253739796
3601.0,6235.77,397.772972,0.06378891011053966
3614.0,3386.56,259.311912,0.0765708896343192
3616.0,4414.75,288.666272,0.06538677660116654
3607.0,4021.51,325.104587,0.0808414220031779
3615.0,3729.39,258.562385,0.06933101257846458
3608.0,4053.89,318.769068,0.07863288545076458
3531.0,3068.86,239.241974,0.07795793030636783
3605.0,4912.33,431.764811,0.08789409730209494
3612.0,3936.37,289.066257,0.0734347271724965
3611.0,4478.18,305.748288,0.06827512248279434
3534.0,3688.64,255.783606,0.06934360794222261
3536.0,3995.82,246.41428,0.06166801307366197
3619.0,3125.06,251.124814,0.0803583975987661
3533.0,5357.24,334.02785,0.06235073470667732
3541.0,2950.18,251.773385,0.08534170287914636
3543.0,2815.38,209.750504,0.07450166727049279
3539.0,3592.59,235.600482,0.0655795629337052
3532.0,4818.86,303.348109,0.06295018095566172
3538.0,4236.88,308.767034,0.07287603944411926
3551.0,2885.7,223.650362,0.07750298437120977
3544.0,3629.02,233.757478,0.06441338928967048
3540.0,4117.92,258.680518,0.0628182475618759
3549.0,2323.23,197.786258,0.0851341700993875
3535.0,5547.44,354.33737,0.06387403378855834
3548.0,3123.8,255.556875,0.08180961489211856
3545.0,3017.94,248.899405,0.08247327813011525
3547.0,2831.39,219.713006,0.07759899060178924
3553.0,2682.74,214.402783,0.07991932986424329
3542.0,3030.21,283.910109,0.09369321235161919
3564.0,3178.9,200.401839,0.06304125294913335
3574.0,1319.62,103.353178,0.07832040890559404
3546.0,4658.29,304.061639,0.06527323094955445
3561.0,3018.85,207.860461,0.0688541865279825
3555.0,3905.97,247.093976,0.06326059237526147
3571.0,2035.4,153.869361,0.07559662032033015
3568.0,3113.32,192.8642,0.06194808114809913
554.0,2628.58,166.781682,0.06344934603474119
3554.0,3845.69,326.086348,0.0847926764767831
3558.0,4020.5,304.6396,0.07577157070016166
3557.0,3366.75,269.680632,0.08010117531744264
3566.0,3729.39,280.603768,0.0752411970858505
3565.0,3386.56,232.949041,0.06878633214825663
3576.0,2383.36,172.954267,0.07256741197301288
3575.0,1991.25,177.544434,0.08916230207156309
3569.0,3271.45,241.929297,0.07395170245609745
3560.0,4122.23,287.441184,0.06972953571246632
3552.0,6235.77,367.793736,0.05898128635276798
3563.0,3936.37,268.610213,0.068238050030866
3567.0,4414.75,309.980092,0.07021464227872473
3559.0,4053.89,328.582295,0.08105357940151312
3570.0,3125.06,262.44353,0.08398031717791019
555.0,3164.13,197.590966,0.06244717062826117
3562.0,4478.18,365.619032,0.08164455917359284
568.0,2815.38,187.823698,0.06671344472149408
3537.0,4238.2,459.071192,0.10831749138785333
3577.0,2808.67,261.091795,0.0929592280331972
561.0,3995.82,274.086824,0.06859338608846244
566.0,2950.18,226.675825,0.07683457450053896
3573.0,5628.43,381.658852,0.0678091140868768
557.0,4818.86,333.77555,0.06926442146067743
564.0,3592.59,216.798645,0.06034605813633061
3556.0,4912.33,420.851081,0.08567239599131167
574.0,2323.23,202.205068,0.08703618152313805
558.0,5357.24,333.966114,0.0623392108623097
556.0,3068.86,300.609842,0.09795488943777168
599.0,1319.62,89.057473,0.06748721071217473
569.0,3629.02,241.32293,0.06649809866024436
572.0,2831.39,201.261426,0.071082198496145
578.0,2682.74,174.208438,0.06493675794150756
560.0,5547.44,343.048003,0.061838974914555186
576.0,2885.7,197.61141,0.06847954049277473
567.0,3030.21,263.313517,0.08689612832113945
559.0,3688.64,303.027356,0.08215151275266765
589.0,3175.27,202.615602,0.06381051123211569
573.0,3123.8,258.186992,0.08265157564504769
570.0,3017.94,234.466738,0.07769098722969972
565.0,4117.92,294.132489,0.07142744128103509
605.0,1536.36,93.581918,0.06091145174308105
593.0,3113.32,177.456694,0.05699918222347847
563.0,4236.88,315.773694,0.07452977049149373
596.0,2035.4,158.566731,0.07790445661786381
604.0,2264.48,154.702614,0.06831705910407689
571.0,4658.29,297.867559,0.06394354129948973
594.0,3271.45,203.122403,0.06208941081171958
580.0,3905.97,283.463772,0.0725719275877695
582.0,3366.75,242.486111,0.0720237947575555
591.0,3729.39,267.537815,0.07173768766473874
584.0,4053.89,297.863109,0.07347587354368273
601.0,2383.36,171.434343,0.07192968875872717
600.0,1991.25,184.999555,0.0929062423101067
579.0,3845.69,314.892026,0.08188180170528565
583.0,4020.5,320.13744,0.0796262753388882
585.0,4122.23,269.12781,0.06528694662840259
562.0,4238.2,384.529572,0.09072945401349629
586.0,3018.85,221.827642,0.07348084270500356
606.0,2793.35,190.318308,0.06813263930406144
590.0,3386.56,283.279666,0.08364820525843335
43.0,2628.58,175.956878,0.06693989834815756
611.0,2178.33,168.05247,0.07714738813678368
592.0,4414.75,262.976943,0.059567799535647545
595.0,3125.06,255.251061,0.08167877128759128
577.0,6235.77,371.893684,0.059638775002926664
588.0,3936.37,283.061875,0.07190936700564225
603.0,3208.39,239.113899,0.07452769114727324
602.0,2808.67,242.270592,0.08625811932338082
616.0,3353.01,226.601229,0.06758143548632423
587.0,4478.18,359.246795,0.08022160676882126
607.0,3108.77,231.17451,0.07436204994258179
617.0,3420.63,228.866099,0.06690758690650553
44.0,3164.13,219.053347,0.06923019819033983
618.0,2951.44,229.119675,0.07762979257582739
598.0,5628.43,337.511945,0.059965557890921624
608.0,4078.72,343.323087,0.08417422304056174
581.0,4912.33,466.028988,0.09486923476232258
613.0,4840.85,297.694157,0.06149625726886807
50.0,3995.82,277.503395,0.06944842235135718
609.0,2987.92,288.110695,0.09642517035261988
48.0,3688.64,297.798158,0.08073386342933982
47.0,5357.24,331.196367,0.06182220079742554
614.0,4256.11,363.426134,0.08538927189381854
45.0,3068.86,258.3315,0.08417832680539353
57.0,2815.38,221.83775,0.07879495840703564
55.0,2950.18,242.293137,0.08212825556406728
65.0,2885.7,222.014477,0.07693609072322141
46.0,4818.86,300.121488,0.062280599145856076
63.0,2323.23,201.498274,0.08673195249716989
53.0,3592.59,248.567606,0.06918897118791735
58.0,3629.02,268.393913,0.07395768361706466
59.0,3017.94,248.019174,0.08218161196047635
54.0,4117.92,291.238016,0.07072454443019777
61.0,2831.39,226.369054,0.0799497963897591
88.0,1319.62,94.669128,0.07173968869826162
62.0,3123.8,217.550274,0.06964283052692233
67.0,2682.74,183.69474,0.06847280765187831
56.0,3030.21,273.642021,0.09030463928242596
612.0,5196.05,387.186282,0.07451550350747202
610.0,6225.83,459.60708,0.07382261963465113
49.0,5547.44,333.095695,0.06004493874652092
85.0,2035.4,161.2517,0.07922359241426746
60.0,4658.29,276.642747,0.059387188646477566
94.0,1536.36,97.571281,0.06350808469369158
78.0,3178.9,208.422299,0.06556428292805688
82.0,3113.32,196.251757,0.0630361662148446
68.0,3845.69,287.703985,0.07481205843424717
619.0,3495.32,391.094316,0.11189084718995684
75.0,3018.85,213.604666,0.07075696573198403
69.0,3905.97,249.486988,0.06387324736237093
52.0,4236.88,329.035122,0.07765976898094824
93.0,2264.48,144.379856,0.0637585034974917
83.0,3271.45,190.79778,0.058322083479802535
72.0,4020.5,284.84296,0.07084764581519712
71.0,3366.75,270.748579,0.08041837944605332
95.0,2793.35,185.222129,0.06630824243292105
615.0,4220.45,421.606015,0.09989598621000131
66.0,6235.77,372.961409,0.05981000084993513
80.0,3729.39,245.515931,0.06583273162635177
90.0,2383.36,177.604648,0.07451859895273899
89.0,1991.25,176.355376,0.08856516057752668
1514.0,2628.58,153.206902,0.05828504439659436
74.0,4122.23,268.997329,0.06525529361534897
100.0,2178.33,172.145493,0.0790263610196802
81.0,4414.75,310.167326,0.0702570532872756
91.0,2808.67,216.454952,0.077066708442074
84.0,3125.06,232.036234,0.07425016927674989
77.0,3936.37,287.111081,0.07293803199394366
92.0,3208.39,239.646184,0.07469359523000633
51.0,4238.2,429.47601,0.10133453116889245
73.0,4053.89,330.268746,0.08146958748264013
76.0,4478.18,349.722495,0.07809478292520622
79.0,3386.56,318.03075,0.09390967530473401
96.0,3108.77,239.197694,0.07694287258304731
1515.0,3164.13,204.904772,0.06475864518840882
70.0,4912.33,387.457312,0.07887444695287166
98.0,2987.92,250.78231,0.08393206980106561
87.0,5628.43,335.939958,0.05968626384267015
1521.0,3992.19,283.853844,0.07110228821774514
1519.0,3688.64,279.597058,0.07579949737572655
1528.0,2815.38,184.76436,0.06562679283080793
97.0,4078.72,316.040835,0.07748529808371254
1524.0,3592.59,236.049735,0.06570461282807111
1516.0,3068.86,265.842008,0.08662565512926625
1518.0,5357.24,312.31985,0.05829864818451292
1526.0,2950.18,250.836227,0.08502404158390336
1538.0,2682.74,164.379636,0.06127304024989377
1517.0,4818.86,341.704248,0.07090976870048103
1536.0,2885.7,208.465907,0.07224101847038847
1527.0,3030.21,268.344774,0.088556494104369
1534.0,2323.23,204.79897,0.08815268828312306
1525.0,4117.92,283.504494,0.0688465278587248
1529.0,3629.02,270.408582,0.07451283872781082
1530.0,3017.94,233.754823,0.07745509287792335
1559.0,1319.62,104.063391,0.07885860399205832
1533.0,3123.8,225.240021,0.07210449484602087
1531.0,4658.29,296.458666,0.06364109276150691
1520.0,5547.44,332.833002,0.05999758483192248
1523.0,4235.87,352.126895,0.08312976909111941
1546.0,3018.85,195.473009,0.06475081868923596
1532.0,2831.39,233.026868,0.08230122589964647
1556.0,2035.4,155.031483,0.07616757541515182
1553.0,3113.32,208.929619,0.06710830206981615
1549.0,3178.9,211.981085,0.06668378527163485
99.0,6225.83,452.967379,0.07275614319697132
1540.0,3905.97,272.492873,0.06976317611246374
1554.0,3271.45,194.762912,0.05953412462363784
1539.0,3845.69,284.947143,0.07409519306028306
1542.0,3366.75,255.05175,0.07575607039429717
1551.0,3729.39,269.00711,0.07213166496397534
1564.0,2264.48,153.897293,0.06796142734755882
1560.0,1991.25,172.590442,0.08667442159447583
1543.0,4020.5,296.851503,0.07383447407038925
1566.0,2793.35,191.447931,0.06853703653319491
1561.0,2383.36,185.26553,0.07773291907223416
173.0,2628.58,165.569388,0.0629881487342976
1552.0,4414.75,282.851087,0.06406955931819469
1522.0,4238.2,435.198176,0.1026846717946298
1545.0,4122.23,317.443037,0.07700759952744025
1544.0,4053.89,330.968289,0.08164214840560549
1571.0,2178.33,141.48243,0.06494995248653786
1537.0,6235.77,374.620162,0.06007600697267538
1550.0,3386.56,315.262715,0.09309231639185486
1555.0,3125.06,248.531282,0.07952848329312077
1562.0,2808.67,231.514355,0.08242846436213581
1563.0,3208.39,236.247616,0.0736343200172049
1541.0,4912.33,408.921516,0.08324390177370006
1548.0,3936.37,298.710782,0.07588483348872184
1547.0,4478.18,328.980263,0.07346293873850536
1567.0,3108.77,219.961158,0.0707550439562914
174.0,3164.13,213.470717,0.06746584906435577
1569.0,2987.92,223.000518,0.07463403237034459
1558.0,5628.43,367.641927,0.06531873488699336
175.0,3068.86,213.03523,0.06941836056385758
1573.0,4840.85,308.749331,0.06377998306082609
176.0,4818.86,322.239931,0.06687057333062177
187.0,2815.38,212.101028,0.07533655421293041
180.0,3995.82,244.921306,0.06129437912618686
1568.0,4078.72,320.824911,0.07865823371057587
184.0,4117.92,270.944993,0.06579656549908693
183.0,3592.59,239.77355,0.06674113940082224
191.0,2831.39,199.311013,0.07039334496484059
178.0,3688.64,285.689985,0.07745130590136201
189.0,3017.94,213.570149,0.07076686382101698
177.0,5357.24,334.611183,0.0624596215588624
188.0,3629.02,234.480599,0.06461264997161768
185.0,2950.18,265.044929,0.08984025686568278
193.0,2323.23,176.02925,0.07576918772570947
179.0,5547.44,330.177487,0.05951889285868797
1572.0,5196.05,425.188367,0.08182915233687128
186.0,3030.21,269.997566,0.08910193220931882
195.0,2885.7,199.211438,0.06903400838618012
182.0,4236.88,311.370692,0.07349056192292441
192.0,3123.8,233.173763,0.07464426755874255
190.0,4658.29,313.561213,0.06731251446346191
197.0,2682.74,200.832826,0.07486108456279775
1570.0,6225.83,426.982107,0.06858235881802105
208.0,3178.9,197.464538,0.06211725376702633
212.0,3113.32,199.913306,0.06421225765420836
2919.0,2628.58,169.499436,0.06448327081542125
198.0,3845.69,291.797348,0.07587646118121845
199.0,3905.97,257.843935,0.06601277915600991
205.0,3018.85,192.706949,0.0638345558739255
213.0,3271.45,204.721268,0.06257814363661374
201.0,3366.75,255.138512,0.07578184064750872
196.0,6235.77,394.755869,0.06330507202799333
211.0,4414.75,264.308474,0.05986940913981539
204.0,4122.23,294.900594,0.0715390926755664
202.0,4020.5,282.197026,0.07018953513244622
2920.0,3164.13,223.18413,0.07053570175688104
210.0,3729.39,251.493817,0.06743564416700855
181.0,4238.2,419.045371,0.09887342999386532
207.0,3936.37,273.027428,0.06936020445232537
203.0,4053.89,314.566475,0.07759620389305089
209.0,3386.56,293.662461,0.08671408774685817
214.0,3125.06,243.51664,0.07792382866248967
200.0,4912.33,402.813125,0.08200042037078129
2926.0,3995.82,260.954997,0.06530699505983753
2921.0,3068.86,264.471667,0.0861791241698872
2929.0,3592.59,216.915946,0.060378708953707484
206.0,4478.18,341.558056,0.0762716228467815
2923.0,5357.24,329.359786,0.0614793785606021
2933.0,2815.38,197.233521,0.07005573705858534
2924.0,3688.64,274.676005,0.07446538697189208
2931.0,2950.18,233.398873,0.07911343477347145
2930.0,4117.92,283.115795,0.06875213578699926
2922.0,4818.86,318.855309,0.0661682034755108
2937.0,2831.39,190.278401,0.06720317617848477
2928.0,4235.87,284.451023,0.06715291616598244
2939.0,2323.23,204.381539,0.08797301128170694
2932.0,3030.21,252.540076,0.08334078364205781
2925.0,5547.44,339.859343,0.061264176448956646
2943.0,2682.74,171.587681,0.06395986230495689
2934.0,3629.02,239.673324,0.06604353902706515
2941.0,2885.7,195.087269,0.06760483383581108
2935.0,3017.94,244.270378,0.08093944147332285
2938.0,3123.8,230.611152,0.07382391702413726
2936.0,4658.29,309.628648,0.06646830661036561
1145.0,2628.58,176.040612,0.0669717535703688
2944.0,3845.69,258.261518,0.06715609370490082
2945.0,3905.97,256.51727,0.0656731285698559
2951.0,3018.85,198.930563,0.06589614025208275
2954.0,3178.9,214.319842,0.06741949793953883
2958.0,3113.32,175.211107,0.05627789851348399
2942.0,6235.77,394.023308,0.06318759479583114
2947.0,3366.75,244.122421,0.0725098154006089
2927.0,4238.2,439.314849,0.10365599759331792
2950.0,4122.23,297.66327,0.07220928235445379
1146.0,3164.13,225.264782,0.07119327650886657
2956.0,3729.39,265.628547,0.07122573584419974
2949.0,4053.89,313.952635,0.07744478389892177
2957.0,4414.75,293.432495,0.06646638994280538
2953.0,3936.37,310.387113,0.07885110215757157
1147.0,3068.86,277.888826,0.09055115775890721
2948.0,4020.5,326.795715,0.0812823566720557
1150.0,3688.64,278.060818,0.07538301867354906
2952.0,4478.18,367.205822,0.08199889731989335
1149.0,5357.24,337.079701,0.06292040323002143
2955.0,3386.56,293.0451,0.08653179037135028
1152.0,3995.82,271.156184,0.06785995965784244
1159.0,2815.38,202.160888,0.07180589760529661
1155.0,3592.59,253.580662,0.07058435891654767
1157.0,2950.18,221.827459,0.0751911608783193
1151.0,5552.13,354.341962,0.06382090513010323
2946.0,4912.33,419.606263,0.08541898915585883
1148.0,4818.86,311.717932,0.06468706955587007
1165.0,2323.23,188.915151,0.08131573326790718
1158.0,3030.21,236.67352,0.07810465941304398
1160.0,3629.02,256.456246,0.07066818204363713
1164.0,3123.8,232.790419,0.07452155035533645
1167.0,2885.7,204.555193,0.07088581384066259
1163.0,2845.45,227.907943,0.08009557117503383
1156.0,4117.92,280.989107,0.06823568864863815
1154.0,4236.88,309.981743,0.07316273838296104
1169.0,2682.74,182.105362,0.0678803618688356
1161.0,3017.94,257.641285,0.0853699162342525
1162.0,4658.29,276.207368,0.059293725379914085
1184.0,3113.32,196.385143,0.06307900986727995
1177.0,3018.85,208.694143,0.0691303453301754
1187.0,2035.4,138.211677,0.0679039387835315
1180.0,3178.9,202.687191,0.06376016578061594
1463.0,2628.58,174.244299,0.06628837585312222
1171.0,3905.97,287.240676,0.07353888432322829
1170.0,3845.69,266.093146,0.06919256258304751
1185.0,3271.45,218.284777,0.06672416726527992
1153.0,4238.2,407.257986,0.09609220565334341
1176.0,4122.23,291.20399,0.07064234407104893
1181.0,3386.56,261.702697,0.07727685232212038
1173.0,3366.75,253.50501,0.07529665404321675
1182.0,3729.39,262.735394,0.07044996473954185
1168.0,6235.77,371.374172,0.05955546339906699
1186.0,3125.06,253.449909,0.0811024137136567
1174.0,4020.5,320.88409,0.07981198607138416
1464.0,3164.13,214.273957,0.06771970715488933
1179.0,3936.37,287.498149,0.07303636319756528
1175.0,4053.89,324.863759,0.08013630340241103
1183.0,4414.75,310.164455,0.07025640296732544
1465.0,3068.86,214.94231,0.07003979001974674
1178.0,4478.18,314.544117,0.07023927510729805
1470.0,3995.82,266.874,0.0667882937669865
1172.0,4912.33,400.391263,0.08150740341141575
1477.0,2815.38,211.258019,0.07503712429583217
1467.0,5357.24,293.098767,0.054710777751230115
1189.0,5628.43,344.15816,0.06114638718079464
1469.0,5547.44,338.304766,0.060983943224262004
1466.0,4818.86,312.785386,0.06490858543306924
1483.0,2323.23,202.875224,0.0873246402637707
1473.0,3592.59,248.736407,0.06923595706718551
1479.0,3017.94,242.150153,0.08023690099869447
1481.0,2845.45,206.100782,0.07243170043402626
1475.0,2950.18,265.577434,0.09002075602166647
1468.0,3688.64,289.822702,0.07857169634336775
1487.0,2682.74,198.651046,0.07404781902085182
1478.0,3629.02,241.301714,0.06649225245383052
1485.0,2885.7,230.640766,0.0799254135911564
1476.0,3030.21,260.369581,0.08592459961520818
1474.0,4117.92,291.864741,0.07087673898473015
1482.0,3123.8,249.305994,0.07980856456879441
1508.0,1319.62,90.297214,0.06842667889240843
1505.0,1857.73,114.481968,0.061624653744085524
1480.0,4658.29,321.011204,0.06891181184511913
1495.0,3018.85,185.113935,0.06131935505242062
1472.0,4236.88,325.260856,0.07676895640188063
1498.0,3178.9,215.897343,0.06791573909213879
1502.0,3113.32,183.059212,0.05879871391312168
1503.0,3271.45,201.46355,0.061582341163704174
1488.0,3845.69,273.003274,0.07098941256315511
1471.0,4238.2,387.834598,0.09150927233259404
1489.0,3905.97,254.097489,0.06505362022749792
1500.0,3729.39,264.475063,0.07091644022212748
1513.0,2264.48,143.608977,0.06341808141383452
1877.0,2628.58,160.783401,0.06116739874761278
1491.0,3366.75,266.116769,0.07904262835078339
1499.0,3386.56,258.258004,0.07625968652555987
1510.0,2383.36,178.136365,0.0747416944985231
1509.0,1991.25,183.816797,0.09231226465787822
1504.0,3125.06,234.387733,0.07500263450941742
1492.0,4020.5,310.203904,0.07715555378684244
1494.0,4122.23,279.138773,0.06771547754492109
1493.0,4053.89,338.885315,0.08359509384813106
1497.0,3936.37,286.033261,0.07266422135114331
1486.0,6235.77,365.264118,0.058575623860405365
1501.0,4414.75,303.980604,0.06885567789795573
1878.0,3164.13,234.183269,0.07401189868937116
1512.0,3208.39,237.324656,0.07397001486726988
1496.0,4478.18,357.45663,0.07982185396746
1511.0,2808.67,233.368261,0.08308852980236196
1490.0,4912.33,417.75732,0.08504260096532602
1884.0,3995.82,268.435254,0.06717901557127197
1507.0,5628.43,339.972278,0.060402683874544054
1879.0,3068.86,262.79993,0.08563438214841994
1891.0,2815.38,220.277708,0.07824084421996319
1882.0,3688.64,282.436823,0.07656936513186433
1881.0,5357.24,301.903938,0.05635437986724507
1880.0,4818.86,355.135879,0.07369707337420053
1897.0,2323.23,194.135364,0.08356269676269677
1883.0,5547.44,309.545967,0.05579978638795553
1893.0,3017.94,235.38653,0.07799576200984777
1895.0,2845.45,211.354743,0.0742781433516667
1892.0,3629.02,242.529246,0.06683050685860094
1889.0,2950.18,242.240513,0.08211041800839271
1888.0,4117.92,294.202004,0.07144432237634533
1890.0,3030.21,290.86899,0.09598971358420703
1887.0,3592.59,246.971583,0.06874471704257931
1899.0,2885.7,201.633908,0.069873482343972
1896.0,3123.8,249.545124,0.07988511556437672
1922.0,1319.62,86.177478,0.06530476803928403
1894.0,4658.29,305.058249,0.0654871742635173
1901.0,2682.74,206.732571,0.07706023356717387
1916.0,3113.32,199.943469,0.06422194602546477
1919.0,1857.73,144.726155,0.07790483816270395
1885.0,4238.2,331.075487,0.07811700415270634
1912.0,3178.9,217.461023,0.06840763251439178
1902.0,3845.69,296.983557,0.07722503815960205
1903.0,3905.97,272.579132,0.06978525999943677
1886.0,4236.88,342.900863,0.08093239907667907
1905.0,3366.75,243.87831,0.07243730897750056
1927.0,2264.48,157.599337,0.06959625918533173
1917.0,3271.45,218.050064,0.06665242140335326
273.0,2628.58,147.447275,0.056093889096013816
1909.0,3018.85,228.451869,0.07567513092733988
1914.0,3729.39,277.923425,0.07452248893250639
1924.0,2383.36,196.840205,0.08258937172730933
1907.0,4053.89,313.377061,0.07730280323343752
1923.0,1991.25,188.793256,0.09481142799748903
1918.0,3125.06,242.358573,0.07755325433751672
1906.0,4020.5,286.666861,0.07130129610744931
274.0,3164.13,201.42117,0.0636576784139716
1908.0,4122.23,283.229936,0.06870794109013811
1900.0,6235.77,432.305085,0.06932665653159112
1911.0,3936.37,309.808432,0.07870409336520703
1915.0,4414.75,303.54168,0.06875625573362025
1913.0,3386.56,286.582798,0.08462357023055846
1926.0,3208.39,251.301,0.07832620099177469
1904.0,4912.33,433.876121,0.08832389538162136
1925.0,2808.67,221.111162,0.07872450732909171
1910.0,4478.18,327.075634,0.07303762555323813
1921.0,5628.43,375.020235,0.06662963472940056
280.0,3995.82,271.756752,0.06801025872036277
287.0,2815.38,196.297282,0.06972319260632667
278.0,3688.64,253.565352,0.06874223345189555
275.0,3068.86,288.387659,0.09397224343893171
291.0,2845.45,199.311187,0.07004557697376514
285.0,2950.18,259.914489,0.08810123077235966
277.0,5357.24,306.489425,0.057210321919495856
297.0,2682.74,181.739173,0.06774386373632928
276.0,4818.86,312.909868,0.06493441768385054
293.0,2323.23,220.952793,0.09510586252760167
286.0,3030.21,233.585977,0.07708573894218552
283.0,3592.59,227.256684,0.06325706078344592
295.0,2885.7,186.251603,0.06454295422254566
288.0,3629.02,264.085079,0.0727703564598707
282.0,4236.88,314.978029,0.0743419754630766
292.0,3123.8,251.32011,0.08045332927844291
289.0,3017.94,239.91302,0.07949562284207108
318.0,1319.62,90.312979,0.06843862551340538
284.0,4117.92,327.592111,0.07955281088510704
290.0,4658.29,280.923906,0.06030622953916566
279.0,5547.44,328.425127,0.05920300661205889
315.0,1857.73,136.513687,0.07348413763033379
312.0,3113.32,212.969279,0.06840584295864222
299.0,3905.97,292.716639,0.07494083134279066
308.0,3178.9,205.255448,0.0645680732328793
302.0,4020.5,287.843043,0.07159384230817063
298.0,3845.69,281.458941,0.07318815115102881
301.0,3366.75,260.482857,0.07736923056359991
323.0,2264.48,157.036884,0.06934787854165193
305.0,3018.85,239.43113,0.07931203272769433
313.0,3271.45,208.757822,0.06381201668984701
304.0,4122.23,311.314982,0.075521012170597
310.0,3729.39,255.080545,0.0683973907260973
320.0,2383.36,192.566205,0.08079610507854457
319.0,1991.25,186.184593,0.09350136497175142
314.0,3125.06,242.427353,0.07757526351494051
330.0,2178.33,168.959298,0.07756368318849761
916.0,2628.58,148.511738,0.05649884652550047
281.0,4238.2,416.521751,0.09827798381388325
296.0,6235.77,387.915393,0.06220809827815971
325.0,2793.35,188.614107,0.06752254712084056
307.0,3936.37,296.284045,0.07526834240683676
303.0,4054.9,325.798149,0.08034677772571457
311.0,4414.75,278.02996,0.06297750948524831
917.0,3164.13,204.571267,0.06465324338759786
322.0,3208.39,230.100677,0.07171842481743179
309.0,3386.56,326.900399,0.0965287486416895
300.0,4912.33,379.575097,0.07726986928809751
321.0,2808.67,248.816233,0.08858863198595777
306.0,4478.18,311.944025,0.06965866155447079
326.0,3108.77,241.276063,0.07761142284569138
328.0,2987.92,240.4553,0.08047581595223433
918.0,3068.86,204.98668,0.06679570915584289
921.0,3688.64,222.969534,0.06044762676758914
317.0,5628.43,354.403775,0.06296671984905204
331.0,5196.05,350.542305,0.06746322783652967
930.0,2815.38,197.613753,0.07019079236195469
923.0,3995.82,248.086945,0.06208661676451892
327.0,4078.72,323.143594,0.07922671671504787
332.0,4840.85,314.907785,0.06505216749124637
926.0,3592.59,225.44755,0.0627534870385989
936.0,2323.23,199.262455,0.08576957726957726
920.0,5357.24,316.165431,0.05901647695455123
932.0,3017.94,225.505403,0.0747216323054799
934.0,2831.39,212.386618,0.07501143184089794
928.0,2950.18,248.522348,0.08423972367787728
938.0,2885.7,225.03136,0.07798155040371488
931.0,3629.02,219.514537,0.06048865451278857
919.0,4818.86,311.289693,0.06459820227190664
929.0,3030.21,262.584398,0.0866555116642081
935.0,3123.8,228.892416,0.07327371022472629
961.0,1319.62,88.251298,0.06687629620648369
927.0,4117.92,301.565157,0.07323239815246532
933.0,4658.29,301.4857,0.06472025142273238
922.0,5547.44,328.798675,0.05927034361795712
948.0,3018.85,187.08924,0.06197367871871739
951.0,3178.9,213.157797,0.06705394853565698
925.0,4236.88,343.511328,0.08107648269481316
958.0,1857.73,132.781611,0.07147519338116949
955.0,3113.32,194.325378,0.062417412280138244
940.0,2682.74,210.342918,0.07840600207250796
942.0,3905.97,278.48373,0.0712969454450495
941.0,3845.69,285.519925,0.07424413434260171
329.0,6225.83,439.457102,0.07058610691265262
953.0,3729.39,253.383055,0.06794222513601421
966.0,2264.48,152.568829,0.06737477434112908
956.0,3271.45,198.287548,0.06061151721713613
944.0,3366.75,253.846028,0.07539794401128684
924.0,4238.2,400.637675,0.09453014841206173
968.0,2793.35,182.301644,0.06526272898133066
963.0,2383.36,170.458825,0.07152038508660043
962.0,1991.25,180.780326,0.09078735768989328
946.0,4053.89,325.821752,0.08037261790527124
3054.0,2628.58,146.964562,0.05591024887962322
947.0,4122.23,304.563875,0.07388328040890489
939.0,6235.77,424.388254,0.06805707298376945
952.0,3386.56,280.151905,0.08272462469290372
954.0,4414.75,293.094797,0.06638989682314968
950.0,3937.38,301.220541,0.07650278637063225
957.0,3125.06,231.729778,0.07415210523957941
3055.0,3164.13,209.072599,0.0660758562385237
945.0,4020.5,307.702735,0.07653344981967418
949.0,4478.18,370.39682,0.08271146313904308
964.0,2808.67,232.361319,0.08273001776641613
965.0,3208.39,252.829672,0.07880266177116872
960.0,5624.8,361.415898,0.06425399978665908
969.0,3108.77,246.463676,0.0792801255802134
943.0,4912.33,467.566022,0.09518212782935999
3061.0,3995.82,230.927392,0.05779224089173186
970.0,4078.72,317.901269,0.07794142990938334
3068.0,2815.38,202.285315,0.07185009306026184
3069.0,3629.02,234.58165,0.06464049523011722
3064.0,3592.59,240.343456,0.06689977314416619
971.0,2987.92,276.317454,0.0924781968727409
3057.0,4818.86,350.347168,0.07270332983319706
3066.0,2950.18,207.349788,0.07028377522727426
3060.0,5547.44,331.466001,0.05975116468136655
3058.0,5357.24,347.802249,0.06492190922937931
3056.0,3068.86,280.218182,0.09131018749633414
3072.0,2831.39,216.876613,0.07659722362514525
3099.0,1319.62,90.803357,0.06881023097558389
3078.0,2682.74,185.026223,0.06896912224069422
3059.0,3688.64,301.01162,0.08160504142448165
3074.0,2323.23,214.680424,0.09240601404079664
3067.0,3030.21,242.636144,0.08007238574224229
3076.0,2885.7,201.966074,0.06998858994351458
3073.0,3123.8,260.468593,0.08338196843587938
3065.0,4117.92,259.30125,0.06296898677001982
3070.0,3017.94,245.947236,0.08149507147259388
3096.0,1857.73,139.500488,0.07509190678946887
3071.0,4658.29,303.43849,0.06513945890015435
3093.0,3113.32,193.168588,0.06204585073169478
3089.0,3178.9,187.131507,0.058866748560822926
3063.0,4236.88,331.810615,0.0783148484262004
3104.0,2264.48,143.261542,0.06326465325372713
972.0,6225.83,455.78271,0.07320834491144153
3094.0,3271.45,211.108172,0.06453045958214247
3079.0,3845.69,309.878778,0.08057820001092132
3080.0,3905.97,281.611192,0.07209763311034136
3082.0,3366.75,252.039916,0.07486148837900052
3106.0,2793.35,187.182647,0.06701009433117941
3091.0,3729.39,272.469303,0.07306001866256949
3101.0,2383.36,172.449458,0.07235560637083781
3100.0,1991.25,189.218743,0.09502510634023854
3085.0,4122.23,316.127733,0.07668852368742161
3086.0,3018.85,229.034775,0.07586821968630439
3090.0,3386.56,279.135082,0.08242437222432203
3102.0,2808.67,226.83903,0.08076385976280588
3095.0,3125.06,257.534039,0.08240931022124376
3092.0,4414.75,255.705822,0.057920793249900904
3088.0,3936.37,290.916725,0.07390482220929435
3077.0,6235.77,383.879677,0.06156091020034414
3084.0,4053.89,321.879556,0.07940017020688771
2959.0,2628.58,162.444109,0.06179918777438769
3083.0,4020.5,298.351239,0.07420749633130208
3103.0,3208.39,249.723108,0.07783439918463778
3111.0,2178.33,172.325226,0.07910887055680269
3062.0,4238.2,448.941977,0.10592751097163891
3087.0,4478.18,316.947753,0.07077601905238287
3117.0,3420.63,232.082927,0.06784800665374507
2960.0,3164.13,191.105649,0.06039753391927639
3113.0,4840.85,314.889583,0.06504840740778996
3098.0,5628.43,372.576544,0.06619546552058034
3081.0,4912.33,425.185467,0.08655474428631628
3107.0,3108.77,253.352172,0.08149595241848062
2961.0,3068.86,235.381901,0.07670011046447214
3116.0,3353.01,234.87429,0.07004878899854161
3109.0,2987.92,296.87471,0.09935831949985273
3114.0,4256.11,315.00056,0.07401137658566156
3108.0,4078.72,317.24736,0.07778110779852504
2962.0,4818.86,337.412427,0.07001913875895958
2964.0,3688.64,296.634248,0.08041832436887308
2974.0,3629.02,240.517259,0.06627609079035111
2973.0,2815.38,221.088863,0.07852895985621834
2966.0,3995.82,261.990023,0.06556602224324419
2963.0,5357.24,297.688074,0.05556743285721752
2969.0,3592.59,250.499762,0.06972678819458941
2979.0,2323.23,200.488242,0.08629719915806873
2965.0,5547.44,327.168751,0.05897652809223714
3112.0,5196.05,373.540855,0.07188938809287825
2975.0,3017.94,252.910274,0.08380228699046369
2977.0,2845.45,214.913182,0.07552871496599836
2978.0,3123.8,231.043974,0.07396247326973557
3004.0,1319.62,76.999506,0.05834975674815478
2971.0,2950.18,281.078219,0.0952749388172925
2972.0,3030.21,252.182848,0.08322289478286983
2981.0,2885.7,215.217316,0.07458062723082788
3110.0,6225.83,397.626132,0.06386716823299061
3001.0,1857.73,133.098579,0.07164581451556469
2976.0,4658.29,309.696931,0.06648296499359208
2994.0,3178.9,216.019698,0.06795422882129039
2983.0,2682.74,202.641406,0.07553523859934247
2970.0,4117.92,309.454666,0.07514829477017523
3115.0,4220.45,388.763809,0.09211430274022912
2998.0,3113.32,201.630108,0.06476369534773169
2985.0,3905.97,284.989411,0.07296251916937407
2984.0,3845.69,269.934384,0.07019140492343377
2999.0,3271.45,190.716293,0.0582971749530025
2968.0,4236.88,353.59928,0.08345746870338551
2987.0,3366.75,232.888369,0.0691730508650776
2996.0,3729.39,249.421799,0.06688005250188368
2982.0,6235.77,385.853845,0.06187749788718955
3009.0,2264.48,167.741794,0.07407519342188935
2991.0,3018.85,235.275582,0.07793549927952698
2989.0,4053.89,288.938014,0.07127426101842922
3214.0,2628.58,145.541415,0.055368836025534704
2967.0,4238.2,421.039424,0.09934392525128592
3011.0,2793.35,191.574289,0.06858227182415379
3006.0,2383.36,193.679691,0.08126329677430182
2993.0,3937.38,260.225743,0.06609109179200383
3005.0,1991.25,193.842966,0.09734737777777777
2997.0,4414.75,311.199319,0.07049081352284954
2990.0,4122.23,322.724132,0.07828872527733775
2988.0,4020.5,288.450158,0.07174484715831364
2995.0,3386.56,283.056904,0.08358242700557497
2986.0,4912.33,384.356005,0.07824311579230223
3000.0,3125.06,266.027561,0.0851271850780465
3008.0,3208.39,271.745636,0.08469844252101522
3215.0,3164.13,227.144578,0.07178737220025726
3007.0,2808.67,272.983279,0.09719307679435461
2992.0,4478.18,360.409514,0.08048124773903684
3012.0,3108.77,223.338325,0.07184137938798946
3216.0,3068.86,225.644038,0.07352698982684124
3003.0,5628.43,324.998583,0.0577423158856022
3219.0,3688.64,263.026655,0.07130721756528152
3221.0,3995.82,272.633145,0.06822958616754508
3226.0,2950.18,241.936469,0.08200735853405555
3228.0,2815.38,191.186628,0.06790793001300002
3217.0,4818.86,323.139593,0.0670572693541626
3220.0,5547.44,333.028841,0.060032887421945985
3234.0,2323.23,174.082038,0.07493103911364782
3218.0,5357.24,346.063771,0.06459739922049414
3224.0,3592.59,228.734736,0.06366847761642715
3232.0,2831.39,217.995161,0.07699227623181547
3229.0,3629.02,222.816483,0.0613985271505806
3259.0,1319.62,76.316673,0.057832310058956365
3238.0,2682.74,184.008413,0.06858973027576284
3013.0,4078.72,301.628329,0.0739517125470736
3225.0,4117.92,305.769313,0.07425333979290516
3236.0,2885.7,211.88604,0.07342621894167793
3227.0,3030.21,264.808869,0.08738960963101568
3233.0,3123.8,250.662499,0.08024281292016133
3249.0,3178.9,201.936476,0.06352401019220486
3230.0,3017.94,253.158892,0.08388466702452667
3223.0,4236.88,300.643734,0.07095875597137516
3253.0,3113.32,200.05789,0.06425869811005613
3239.0,3845.69,263.227864,0.06844749940842866
3246.0,3018.85,206.132293,0.0682817274790069
3256.0,1857.73,154.597616,0.08321856028594037
3231.0,4658.29,288.161383,0.061859906317554295
3240.0,3905.97,307.916945,0.07883238862561669
3254.0,3271.45,210.022931,0.06419872869828364
3242.0,3366.75,245.003607,0.07277154733793717
3266.0,2793.35,176.676318,0.063248901140208
3251.0,3729.39,258.901306,0.06942189097948993
3261.0,2383.36,187.204287,0.07854637444616004
3264.0,2264.48,165.380583,0.07303247677170918
3260.0,1991.25,166.130707,0.08343036133082235
3243.0,4020.5,292.825009,0.07283298321104341
3245.0,4122.23,296.141243,0.07184005817239698
3244.0,4053.89,328.407615,0.08101048992449228
3252.0,4414.75,280.260462,0.06348274806047909
3255.0,3125.06,250.628049,0.08019943585083167
3222.0,4238.2,395.597777,0.0933409883912982
3250.0,3386.56,314.328091,0.09281633604601719
3262.0,2808.67,246.678711,0.08782758779066248
3241.0,4912.33,389.684845,0.0793279044771015
3237.0,6235.77,364.24235,0.05841176791318473
2269.0,2628.58,171.810845,0.0653626083284511
3248.0,3936.37,301.025856,0.0764729575725859
3263.0,3208.39,272.002063,0.08477836640807385
2270.0,3164.13,201.226605,0.06359618757762797
3271.0,2178.33,178.678057,0.08202524732249017
3247.0,4478.18,349.199121,0.07797791089237145
3269.0,2987.92,243.101249,0.08136136476210876
3267.0,3108.77,265.877376,0.08552494266221046
3276.0,3353.01,209.06781,0.06235227750588277
3277.0,3420.63,239.033571,0.06987998438884065
3258.0,5628.43,325.897342,0.05790199789284045
3273.0,4840.85,321.357481,0.06638451532272224
2274.0,3688.64,257.708332,0.06986540622017871
3268.0,4078.72,313.859924,0.07695059332339557
3272.0,5196.05,305.60671,0.058815198083159326
2283.0,2815.38,189.829788,0.06742599151801888
2271.0,3068.86,262.910846,0.08567052455960845
2284.0,3629.02,236.847566,0.06526488308138285
2276.0,3995.82,265.605586,0.06647085854718181
2273.0,5357.24,310.25348,0.057912932778818954
2281.0,2950.18,225.65449,0.07648838037001134
2280.0,4117.92,249.460935,0.0605793543827952
2275.0,5552.13,363.126226,0.06540304819951982
2289.0,2323.23,199.039264,0.08567350800394279
2291.0,2885.7,208.593366,0.07228518764944382
2272.0,4818.86,304.504366,0.0631901250503231
2282.0,3030.21,238.708842,0.07877633629352421
3274.0,4256.11,341.404216,0.08021508278686407
2279.0,3592.59,249.544727,0.06946095351821388
2288.0,3123.8,244.991091,0.0784272651898329
2285.0,3017.94,247.60696,0.08204502408927944
3275.0,4220.45,376.697627,0.08925532277363789
2314.0,1319.62,79.602209,0.060322069232051655
2304.0,3178.9,204.016444,0.06417831451130894
2278.0,4235.87,331.708038,0.07830930552637357
2286.0,4658.29,270.968616,0.058169116993574896
2308.0,3113.32,194.373129,0.06243274992612388
2295.0,3905.97,279.11563,0.07145872344129628
2294.0,3845.69,292.745723,0.0761230684220517
2301.0,3018.85,207.851091,0.06885108269705352
3270.0,6225.83,401.139586,0.0644315032694436
2311.0,2035.4,158.469929,0.07785689741574138
2319.0,2264.48,153.471775,0.06777351754045079
2309.0,3271.45,213.590915,0.06528937168533831
2300.0,4122.23,291.822301,0.07079233837025106
2306.0,3729.39,238.95119,0.0640724595711363
2316.0,2383.36,167.764283,0.07038982067333512
2315.0,1991.25,195.898356,0.09837958870056497
2310.0,3125.06,247.066233,0.07905967661420901
2298.0,4020.5,313.90512,0.078076139783609
1799.0,2628.58,142.162199,0.05408326891325354
2297.0,3366.75,263.135839,0.07815722551421994
2321.0,2793.35,181.085937,0.06482751427497449
1804.0,3688.64,232.984484,0.06316270603799774
2277.0,4238.2,473.024254,0.1116097055353688
1800.0,3164.13,219.263369,0.06929657409777727
2296.0,4912.33,393.711388,0.08014758536173262
1813.0,2815.38,195.859398,0.06956765978304882
2313.0,5628.43,369.612145,0.06566878241356826
1806.0,3995.82,284.261005,0.07113959212376934
1801.0,3068.86,266.719361,0.08691154402612045
1844.0,1319.62,80.042461,0.06065568951667905
1809.0,3592.59,238.515193,0.06639087482846637
1819.0,2323.23,197.94278,0.08520154267980355
1814.0,3629.02,263.50357,0.07261011788306486
1810.0,4117.92,268.254678,0.06514324659051171
1811.0,2950.18,273.065283,0.09255885505291205
1803.0,5357.24,306.058049,0.05712979985962921
1841.0,1857.73,125.662461,0.06764301647709839
1802.0,4818.86,322.732434,0.0669727765488103
1812.0,3030.21,269.273994,0.08886314611858584
1821.0,2885.7,208.688108,0.07231801919811484
1815.0,3017.94,251.986909,0.08349632829015818
1805.0,5547.44,308.121044,0.05554292502487634
1808.0,4236.88,329.018855,0.07765592959913899
1816.0,4658.29,296.124444,0.06356934497422874
1851.0,2793.35,172.87685,0.061888717847745536
1838.0,3113.32,189.135064,0.060750280729253654
1825.0,3905.97,283.016747,0.07245748098423696
1849.0,2264.48,169.189029,0.07471429599731506
1846.0,2383.36,175.804013,0.07376309621710526
1834.0,3178.9,228.749578,0.07195872094120608
1845.0,1991.25,173.242924,0.08700209617074701
1839.0,3271.45,220.82752,0.06750141985969524
1824.0,3845.69,309.100845,0.08037591303511203
1831.0,3018.85,219.145125,0.0725922536727562
1827.0,3366.75,273.170452,0.08113772985817183
1836.0,3729.39,248.848612,0.06672635792984911
1830.0,4122.23,294.583473,0.07146216319807484
1868.0,3046.45,174.003595,0.057116839271939474
2334.0,2628.58,169.248722,0.06438789080035608
1840.0,3125.06,262.894166,0.08412451792925575
1828.0,4020.5,330.496553,0.08220284865066534
1870.0,2407.42,178.14196,0.07399704247700858
1856.0,2178.33,188.340708,0.08646105411025878
1861.0,3353.01,223.548467,0.06667098129740143
1807.0,4238.2,461.900836,0.10898514369307725
2335.0,3164.13,217.422483,0.0687147756255274
1858.0,4846.03,312.13207,0.0644098509501592
1867.0,3586.29,249.27115,0.06950669075841608
1843.0,5628.43,334.913282,0.059503854893815857
1863.0,2951.44,232.919969,0.0789173993033909
1871.0,3645.68,228.184668,0.06259042702595949
1826.0,4912.33,465.889421,0.09484082319388153
2341.0,3995.82,254.174054,0.06360998593530238
2339.0,3688.64,248.732338,0.06743199065238137
2336.0,3068.86,257.884359,0.08403262416662866
2348.0,2815.38,223.719194,0.07946323196158245
2344.0,3592.59,255.98897,0.07125471317350435
2337.0,4818.86,322.37177,0.0668979322910398
2340.0,5547.44,328.188724,0.0591603918203712
2354.0,2323.23,189.454641,0.08154794876099224
2345.0,4117.92,278.348137,0.06759435273147608
2349.0,3629.02,241.194613,0.06646274007858871
2350.0,3017.94,217.820581,0.07217525232443323
1860.0,4220.45,359.76271,0.08524273714888224
2346.0,2950.18,247.857899,0.0840145004711577
2356.0,2885.7,207.936001,0.07205738676924144
2347.0,3030.21,255.292898,0.0842492427917537
2379.0,1319.62,97.420011,0.07382429108379686
2376.0,1857.73,128.614753,0.06923220973984379
1864.0,3495.32,402.975714,0.11529007758946247
2343.0,4236.88,364.632049,0.08606145300315327
2351.0,4658.29,298.641959,0.06410978255969466
2373.0,3113.32,188.782381,0.06063699876659
2360.0,3905.97,283.282626,0.07252555088748762
2362.0,3366.75,248.616238,0.07384457949060667
2366.0,3018.85,194.765239,0.06451636848468788
2386.0,2793.35,164.360187,0.058839811337641185
2384.0,2264.48,152.046316,0.06714403130078428
2369.0,3178.9,238.299025,0.0749627308188367
2380.0,1991.25,172.244358,0.08650061920903955
2363.0,4020.5,302.048529,0.07512710583260787
2374.0,3271.45,202.068884,0.06176737654556848
2371.0,3729.39,257.541839,0.06905736300038344
2381.0,2383.36,177.675237,0.07454821638359291
2391.0,2178.33,170.119111,0.07809611537278557
2342.0,4238.2,391.071029,0.0922729057146902
2361.0,4908.7,429.239161,0.0874445700490965
2031.0,3164.13,238.7474,0.07545435870207608
2396.0,3353.01,238.695111,0.07118830871366325
2032.0,3065.23,211.680483,0.06905859690789924
2035.0,3688.64,246.472965,0.06681946869306844
2393.0,4846.03,323.907055,0.06683967185510614
2044.0,2815.38,203.32736,0.07222021894024963
2042.0,2950.18,220.811854,0.07484690900216259
2045.0,3629.02,248.881771,0.06858098632688714
2040.0,3823.93,251.022453,0.06564514857751058
2033.0,4818.86,319.342386,0.06626928070124469
2050.0,2323.23,195.975777,0.08435487532444054
2039.0,4236.88,301.893396,0.0712537046128283
2037.0,3992.19,259.50044,0.06500202645665663
2075.0,1319.62,75.173575,0.05696607735560238
2036.0,5547.44,339.552461,0.06120885687812757
2052.0,2885.7,219.726304,0.07614315556017605
2043.0,3030.21,269.492372,0.08893521307104128
2046.0,3017.94,252.510212,0.08366972570693917
2395.0,4220.45,361.582209,0.08567385207738511
2072.0,1857.73,125.449237,0.06752823984109639
2047.0,4658.29,291.313686,0.06253661450875751
2065.0,3178.9,192.907241,0.06068364560067948
2041.0,4117.92,321.968378,0.07818713768115941
2069.0,3113.32,193.097808,0.062023116158955706
2070.0,3271.45,211.334596,0.06459967170520718
2062.0,3018.85,204.80212,0.06784110505656128
2058.0,3366.75,247.893382,0.07362987510210144
2067.0,3729.39,263.171678,0.07056695009103366
2080.0,2264.48,157.149759,0.06939772442238394
2077.0,2383.36,173.126874,0.07263983368018259
2076.0,1991.25,157.527982,0.07911009767733836
2059.0,4020.5,272.139519,0.06768797885835096
2038.0,4238.2,386.340016,0.0911566268698976
2082.0,2793.35,195.11894,0.06985123239121485
2087.0,2178.33,189.737908,0.08710246289588813
2092.0,3353.01,222.525544,0.06636590526124288
1930.0,3164.13,222.889594,0.07044261582172666
2089.0,4840.85,290.49785,0.06000967805240815
2057.0,4912.33,453.687647,0.09235691555738317
1943.0,2815.38,237.152465,0.08423462019336643
1934.0,3688.64,251.523781,0.06818875818729939
1938.0,4235.87,295.138688,0.06967604954826281
1936.0,3995.82,256.749264,0.06425446191269876
1939.0,3823.93,244.908195,0.06404620246709537
1935.0,5547.44,351.53131,0.06336820407250914
1932.0,4818.86,294.861201,0.061188995115027206
1949.0,2323.23,206.521516,0.088894132737611
1945.0,3017.94,248.834938,0.08245191687044805
1931.0,3068.86,285.572192,0.09305481253625124
1944.0,3629.02,257.977736,0.07108743848201443
2091.0,4220.45,383.628616,0.09089756210830599
1941.0,2950.18,277.041018,0.0939064796046343
1940.0,4117.92,326.480334,0.07928282579554727
1951.0,2885.7,224.719867,0.07787360675052847
1942.0,3030.21,255.289318,0.08424806135548361
1974.0,1319.62,85.252497,0.06460382307027782
1946.0,4658.29,306.33391,0.06576102174832396
1971.0,1857.73,135.232455,0.07279446152024244
1964.0,3178.9,214.743093,0.06755264179433136
1968.0,3113.32,197.738743,0.06351378688987962
1957.0,3366.75,242.818779,0.07212260458899532
1966.0,3729.39,267.068555,0.07161186011653381
1979.0,2264.48,140.931964,0.062235905815021544
1958.0,4020.5,306.411684,0.07621233279442854
1969.0,3271.45,214.285307,0.0655016298583197
1961.0,3018.85,223.744876,0.07411593023833579
1976.0,2383.36,168.643638,0.07075877668501611
1975.0,1991.25,203.478515,0.1021863226616447
1937.0,4238.2,408.536249,0.09639381081591242
1736.0,3164.13,236.253284,0.07466611169579
1956.0,4912.33,409.926845,0.0834485559805632
1742.0,3995.82,269.366603,0.0674120963907283
1737.0,3068.86,272.513552,0.08879960376165742
1740.0,3688.64,253.514657,0.06872848990413812
1749.0,2815.38,211.282098,0.07504567696012616
1755.0,2323.23,180.068208,0.07750769747291486
1751.0,3017.94,224.182838,0.07428339794694394
1747.0,2950.18,246.387766,0.08351618070761785
1745.0,3823.93,248.103978,0.06488193507726345
1748.0,3030.21,256.234229,0.08455989155867086
1757.0,2885.7,198.965381,0.0689487406868351
1746.0,4117.92,297.799438,0.07231792701169523
1780.0,1319.62,83.204645,0.06305197329534261
1750.0,3629.02,242.844742,0.06691744382781026
1741.0,5547.44,335.355636,0.06045232323377991
1744.0,4236.88,348.87906,0.08234338947527425
1777.0,1857.73,127.087244,0.06840996484957448
1752.0,4658.29,297.579171,0.0638816327450631
1770.0,3178.9,207.856475,0.06538628928245618
1774.0,3113.32,168.112707,0.05399788874898821
1775.0,3271.45,189.782613,0.05801177245563894
1767.0,3018.85,212.83026,0.07050044222137569
1772.0,3729.39,246.531959,0.06610516974625877
1785.0,2264.48,164.790708,0.07277198650462799
1782.0,2383.36,191.108929,0.08018466744428034
1781.0,1991.25,200.193956,0.10053682661644694
1764.0,4020.5,320.014016,0.07959557666956847
1763.0,3367.76,279.912249,0.08311526029170724
1743.0,4238.2,376.457649,0.08882489004766175
1787.0,2793.35,197.827896,0.0708210199223155
2735.0,3068.86,222.333579,0.07244826385042002
2734.0,3164.13,221.685256,0.07006199366018463
1762.0,4891.84,415.166269,0.08486914310361746
2738.0,3688.64,266.102652,0.07214112843758133
2740.0,3995.82,253.373517,0.0634096423262309
2747.0,2815.38,216.663849,0.07695723099546065
2745.0,2950.18,210.805388,0.07145509358750991
2743.0,3823.93,244.414951,0.06391721370422576
2753.0,2323.23,179.902414,0.07743633389720346
2748.0,3629.02,235.258742,0.0648270723225554
2749.0,3017.94,229.665943,0.07610023492846113
2755.0,2885.7,202.579858,0.07020128842221991
2739.0,5547.44,349.411853,0.0629861436987151
2746.0,3030.21,242.455647,0.08001281990357104
2744.0,4117.92,266.33815,0.0646778349263706
2778.0,1319.62,98.115704,0.07435148300268259
2775.0,1857.73,135.162332,0.07275671491551516
2768.0,3178.9,169.608915,0.053354592783667304
2765.0,3250.19,215.07897,0.0661742759654051
2742.0,4236.88,341.497166,0.08060109467343894
2783.0,2264.48,140.443156,0.06202004698650462
2772.0,3113.32,206.596331,0.06635884875309958
2773.0,3271.45,211.691858,0.06470887771477479
2761.0,3366.75,231.042773,0.06862486760228707
2770.0,3729.39,254.788957,0.06831920421302144
2779.0,1991.25,163.543375,0.08213101067168864
2762.0,4020.5,282.185948,0.07018677975376197
2741.0,4238.2,361.343861,0.08525880350148649
2785.0,2793.35,185.432823,0.06638366942918002
2780.0,2383.36,184.259951,0.07731100253423738
2790.0,2178.33,158.529685,0.072775789251399
2760.0,4908.7,351.050745,0.07151603173956445
2447.0,3164.13,241.100587,0.07619806613508294
2451.0,3688.64,233.77667,0.06337746974494665
2795.0,3353.01,229.775459,0.06852811622989492
2792.0,4840.85,306.972565,0.0634129471063966
2453.0,3995.82,286.559596,0.07171484100885425
2460.0,2815.38,180.353033,0.06405992548075215
2456.0,3823.93,231.097095,0.06043444702178126
2466.0,2323.23,181.384269,0.07807417646982864
2448.0,3068.86,305.007274,0.09938780980559556
2461.0,3629.02,242.405158,0.06679631360532595
2491.0,1319.62,83.470676,0.06325356996711175
2458.0,2950.18,252.623866,0.08562998393318375
2470.0,2871.91,209.170148,0.0728331138510608
2462.0,3017.94,243.202166,0.08058548745170546
2468.0,2885.7,202.52794,0.0701832969470146
2459.0,3030.21,262.815545,0.08673179251603023
2457.0,4117.92,309.882172,0.07525211077437154
2455.0,4236.88,336.099077,0.07932702295085063
2794.0,4220.45,359.039514,0.08507138196163916
2488.0,1857.73,131.620181,0.07085000565205923
2452.0,5547.44,335.720046,0.06051801299338074
2485.0,3113.32,203.281136,0.06529400639831434
2481.0,3178.9,209.327551,0.0658490518732895
2478.0,3018.85,204.31552,0.06767991784951223
2474.0,3366.75,269.859714,0.08015436667409223
2483.0,3729.39,256.880309,0.06887998010398484
2496.0,2264.48,162.619736,0.07181327986999222
2492.0,1991.25,166.063431,0.08339657551789077
2475.0,4020.5,311.360164,0.0774431448824773
2486.0,3271.45,199.949514,0.061119538430970975
2498.0,2793.35,189.63441,0.06788780854529508
2493.0,2383.36,191.260942,0.08024844840896884
2503.0,2178.33,188.48139,0.08652563661153269
2454.0,4238.2,470.722533,0.11106661625218253
2158.0,3164.13,233.37919,0.07375777543906223
2171.0,2815.38,203.411082,0.07224995631140378
2508.0,3353.01,217.681569,0.06492124061663997
2473.0,4891.84,474.122735,0.09692114521325308
2505.0,4840.85,305.932414,0.06319807761033702
2159.0,3068.86,235.792781,0.07683399731496386
2164.0,3995.82,270.74484,0.06775701608180548
2167.0,3823.93,248.365072,0.06495021404680525
2162.0,3688.64,297.500756,0.08065323696538562
2177.0,2323.23,204.210957,0.08789958678219548
2172.0,3629.02,239.959031,0.06612226744410336
2173.0,3017.94,250.17846,0.08289709536968926
2169.0,2950.18,274.170223,0.09293338813224956
2202.0,1319.62,82.654267,0.06263490019854201
2181.0,2871.91,193.337645,0.06732023113537682
2168.0,4117.92,293.467041,0.0712658431926798
2170.0,3030.21,234.923587,0.07752716379392847
2179.0,2885.7,196.877302,0.06822514537200679
2163.0,5552.13,325.092612,0.058552773800325274
2199.0,1857.73,127.738841,0.06876071388199577
2196.0,3113.32,176.105942,0.056565319979957084
2192.0,3178.9,184.279341,0.0579695306552581
2189.0,3250.19,196.867052,0.06057093646832954
2166.0,4236.88,352.352698,0.08316324701195218
2197.0,3271.45,203.447991,0.062188934875972435
2185.0,3366.75,227.811157,0.06766500542065791
2507.0,4220.45,405.297685,0.09603186508547668
2194.0,3729.39,278.42116,0.07465595177763655
2207.0,2264.48,156.310343,0.06902703622906804
2204.0,2383.36,180.698879,0.07581686316796456
2186.0,4020.5,277.769,0.06908817311279691
2214.0,2178.33,146.53987,0.06727165764599487
2209.0,2793.35,181.376613,0.0649315742746165
2203.0,1991.25,199.214948,0.10004517162586314
2165.0,4238.2,390.113311,0.09204693289604078
2211.0,4544.93,284.829625,0.06266974958910258
2219.0,3353.01,219.490235,0.0654606562461788
2570.0,3164.13,200.482547,0.06336103352264287
2216.0,4840.85,295.236495,0.06098856502473739
2184.0,4912.33,431.386856,0.08781715723495775
2571.0,3068.86,221.212187,0.07208285389362824
2576.0,3995.82,289.456509,0.07243982686907818
2583.0,2815.38,206.295033,0.07327431217100355
2581.0,2950.18,245.879547,0.08334391359171306
2579.0,3823.93,240.489772,0.06289073597058524
2575.0,5547.44,329.321979,0.05936467613890371
2589.0,2323.23,181.350928,0.07805982532939056
2614.0,1319.62,88.244618,0.06687123414316243
2580.0,4117.92,302.027898,0.07334477066091619
2584.0,3629.02,237.958734,0.06557107263117866
2593.0,2871.91,221.072389,0.07697747805467442
2582.0,3030.21,233.858792,0.07717577065615915
2591.0,2885.7,204.963273,0.0710272284021208
2604.0,3178.9,200.32301,0.06301645537764636
2585.0,3017.94,238.252562,0.07894542701312816
2574.0,3688.64,314.979341,0.08539172730328792
2608.0,3113.32,203.104487,0.0652372666478229
2601.0,3250.19,212.816305,0.06547811204883407
2578.0,4236.88,313.522927,0.07399853831121013
2218.0,4220.45,379.967785,0.09003015910625645
2611.0,1857.73,155.900031,0.08391963902181696
2597.0,3366.75,251.359668,0.0746594395188238
2606.0,3729.39,224.245381,0.060129238561802335
2619.0,2264.48,154.620572,0.06828082915282979
2616.0,2383.36,195.625926,0.08207988973549946
2615.0,1991.25,169.410031,0.08507722837413685
2609.0,3271.45,213.368491,0.06522138226168825
2572.0,4763.93,445.42542,0.09349957283167468
2577.0,4238.2,400.951294,0.09460414657165779
2626.0,2178.33,137.86422,0.06328895070994753
2621.0,2793.35,193.787528,0.06937459609429539
2596.0,4912.33,353.86526,0.07203613356594528
2598.0,4020.5,309.154526,0.07689454694689715
1590.0,3164.13,208.470239,0.06588548479360835
2631.0,3353.01,215.625745,0.06430811271066891
2623.0,4381.73,298.41733,0.06810491061749584
2628.0,4846.03,320.987499,0.06623720839532567
2634.0,3495.32,274.370636,0.07849657141549271
1603.0,2815.38,215.444028,0.07652396053108283
2633.0,2951.44,225.452644,0.07638733770633996
1609.0,2323.23,195.051186,0.08395689880037706
1596.0,3995.82,272.023956,0.06807712960043245
1604.0,3629.02,230.321615,0.06346661495389941
1601.0,2950.18,239.873699,0.0813081571293955
1611.0,2885.7,196.44288,0.06807460234951658
1605.0,3017.94,248.288998,0.08227101864185504
1599.0,3823.93,229.719585,0.06007421291707746
1591.0,3068.86,301.603626,0.0982787178300737
1600.0,4117.92,264.297103,0.06418218493802696
1631.0,1857.73,142.589532,0.07675471247167241
1613.0,2708.71,195.594609,0.0722095052626527
1594.0,3688.64,285.364048,0.07736294352390041
1624.0,3178.9,198.642823,0.06248791185630249
1602.0,3030.21,269.356122,0.08889024919065017
1595.0,5547.44,313.817758,0.05656983365300031
1621.0,3250.19,204.655899,0.06296736467714195
1598.0,4236.88,321.493171,0.07587969708842356
1641.0,2793.35,166.390695,0.059566719172319975
2630.0,4220.45,375.43347,0.08895579144404032
1634.0,1852.2,160.04407,0.08640755318000216
1639.0,2264.48,155.574838,0.06870223539178973
1628.0,3113.32,233.697073,0.07506362115041178
1635.0,1991.25,168.539901,0.0846402516007533
1629.0,3271.45,218.9767,0.06693567072704765
1636.0,2383.36,187.557979,0.07869477502349623
1617.0,3366.75,265.026102,0.07871867587435954
1592.0,4763.93,406.647972,0.08535977060955975
1646.0,2178.33,151.775318,0.06967508045153857
1626.0,3729.39,250.748902,0.06723590238618112
1658.0,3046.45,182.480956,0.05989954077696992
1663.0,2050.27,136.122646,0.06639254634755423
1667.0,2262.32,128.433859,0.056770863096290536
1618.0,4021.51,303.487992,0.07546617862444703
1616.0,4891.84,414.895681,0.08481382894779879
1651.0,3353.01,247.65561,0.0738606833859726
1643.0,4381.73,303.524935,0.06927057007163838
1666.0,3444.81,252.780184,0.07338000760564443
1597.0,4238.2,445.284828,0.10506460950403473
1027.0,3164.13,237.966022,0.07520740993574854
1653.0,2951.44,240.912514,0.08162541471281815
1657.0,3586.29,271.659107,0.0757493417989064
1648.0,4840.85,310.107564,0.06406056043876591
1040.0,2815.38,221.43801,0.07865297402126888
1033.0,3995.82,287.663619,0.07199113548658347
1031.0,3688.64,275.939363,0.07480788664656893
1654.0,3495.32,342.499479,0.0979880179783253
1028.0,3068.86,268.829775,0.08759923065894175
1650.0,4220.45,392.771642,0.09306392493691432
1071.0,1319.62,73.286598,0.05553613767599764
1038.0,2950.18,248.097912,0.08409585584608398
1050.0,2708.71,182.050059,0.06720913608322782
1036.0,3823.93,261.468099,0.06837680056904807
1048.0,2885.7,224.186451,0.07768875870672627
1046.0,2164.63,209.82795,0.09693478793142477
1039.0,3030.21,260.524235,0.08597563700205596
1042.0,3017.94,242.636359,0.08039800625592292
1041.0,3629.02,258.400121,0.07120382940849045
1037.0,4117.92,323.414781,0.07853838369856626
1035.0,4236.88,343.664425,0.08111261706727592
1032.0,5547.44,328.22598,0.05916710771094415
1058.0,3250.19,214.441883,0.0659782606555309
1061.0,3178.9,209.994339,0.06605880619082072
1065.0,3113.32,182.508449,0.05862180855164262
1076.0,2264.48,168.608045,0.07445773201794673
1068.0,1857.73,159.208805,0.0857007234635819
1072.0,1991.25,189.325939,0.09507893986189579
1066.0,3271.45,217.786913,0.06657198275993825
1055.0,4020.5,294.657495,0.07328876880984951
1054.0,3366.75,257.460813,0.07647161595010024
1078.0,2793.35,165.819301,0.05936216406823348
1073.0,2383.36,175.367274,0.07357985113453276
1029.0,4763.93,456.282477,0.09577858553757086
1083.0,2178.33,165.625513,0.0760332516193598
1034.0,4238.2,423.34915,0.09988890330800812
502.0,3164.13,204.739317,0.06470635435332935
503.0,3068.86,218.724518,0.0712722372477076
506.0,3688.64,260.233186,0.07054990077643793
508.0,3995.82,261.625663,0.06547483695461756
1085.0,4840.85,308.002787,0.06362576551638659
515.0,2815.38,218.679302,0.07767310345317506
521.0,2164.63,201.465533,0.09307157943851835
517.0,3017.94,251.294064,0.08326675281814748
511.0,3823.93,238.63175,0.06240484266186882
510.0,4235.87,297.746556,0.07029171244632154
516.0,3629.02,237.607634,0.06547432474883026
525.0,2708.71,192.190632,0.07095282699144612
523.0,2885.7,219.784002,0.07616315001559414
546.0,1319.62,85.24338,0.06459691426319698
543.0,1857.73,143.103853,0.07703156701996522
536.0,3178.9,222.33804,0.06994181635156815
529.0,3366.75,253.912502,0.0754176882750427
533.0,3250.19,211.130119,0.06495931591691563
551.0,2264.48,148.63998,0.06563978485126828
540.0,3113.32,220.869563,0.07094341828016394
547.0,1991.25,169.739859,0.0852428670433145
541.0,3271.45,197.81271,0.0604663711809748
553.0,2793.35,186.655863,0.06682150929887054
548.0,2383.36,181.496986,0.07615172949113855
530.0,4020.5,301.023349,0.07487211764705883
2520.0,3164.13,230.741746,0.07292423067320243
2524.0,3688.64,253.611662,0.06875478821462654
2526.0,3995.82,253.557032,0.06345556906967781
2533.0,2815.38,201.280364,0.07149314266635409
2521.0,3068.86,283.701438,0.09244522004913876
2535.0,3017.94,224.95234,0.0745383738576645
2529.0,3823.93,242.77643,0.0634887223353984
2528.0,4235.87,316.731876,0.07477374801398533
2534.0,3629.02,248.073447,0.06835824740563567
2541.0,2885.7,206.860827,0.07168479987524691
2539.0,2164.63,203.629051,0.0940710657248583
2543.0,2871.91,202.200475,0.07040627143608262
2564.0,1319.62,98.654028,0.07475942165168761
2561.0,1857.73,135.581212,0.07298219439854015
2558.0,3113.32,186.848607,0.06001586955404519
2554.0,3178.9,178.967951,0.05629870426877222
2551.0,3250.19,211.340122,0.06502392844726
2559.0,3271.45,210.502633,0.06434536153693317
2547.0,3366.75,257.655563,0.07652946105294423
2566.0,2383.36,178.797763,0.0750192010439044
2548.0,4020.5,275.624198,0.06855470662852879
2565.0,1991.25,185.464226,0.09313959874450722
1216.0,3164.13,210.385058,0.06649064924639632
1217.0,3068.86,227.967512,0.07428410289162751
1225.0,3823.93,229.503898,0.060017808380383536
1220.0,3688.64,267.515696,0.07252420838032446
1230.0,3629.02,255.414551,0.07038113622961571
1229.0,2815.38,224.700584,0.07981181368056887
1222.0,3995.82,258.541526,0.06470299613095684
1237.0,2885.7,205.369698,0.07116806944588835
1235.0,2164.63,176.23044,0.0814136549895363
1231.0,3017.94,247.727428,0.08208494138385786
1260.0,1319.62,87.572529,0.06636192919173703
1257.0,1857.73,115.457316,0.06214967514116691
1239.0,2708.71,201.495426,0.07438796548910737
1247.0,3250.19,209.041527,0.0643167097923506
1254.0,3113.32,208.000806,0.06680996685210644
1250.0,3178.9,208.445248,0.06557150209191859
1224.0,4236.88,321.550241,0.07589316690583638
1265.0,2264.48,168.556193,0.07443483404578535
1255.0,3271.45,219.264628,0.06702368307631172
1243.0,3366.75,255.808397,0.07598081146506275
1267.0,2793.35,167.249667,0.059874225213453376
1262.0,2383.36,207.799048,0.0871874362244898
1261.0,1991.25,165.34069,0.08303361707470182
1244.0,4020.5,269.665677,0.06707267180698918
1272.0,2178.33,145.486179,0.06678794259822891
127.0,3063.78,203.774758,0.06651089764930902
126.0,3164.13,212.071981,0.06702378884559104
132.0,3995.82,244.21489,0.06111759038194913
139.0,2815.38,187.374515,0.06655389858562609
134.0,4236.88,285.735339,0.06744003582825098
135.0,3823.93,240.95282,0.06301182814538969
141.0,3017.94,252.848865,0.08378193900475157
140.0,3629.02,249.326922,0.06870365057233083
149.0,2708.71,186.781621,0.06895593142123004
130.0,3688.64,320.263117,0.08682417286588012
147.0,2885.7,192.288556,0.06663497799494057
170.0,1319.62,94.347642,0.07149606856519301
160.0,3178.9,190.975187,0.06007587121331278
157.0,3250.19,187.863627,0.05780081379857793
167.0,1857.73,147.674069,0.07949167478589461
153.0,3366.75,264.533776,0.07857244404841464
154.0,4020.5,320.697296,0.07976552568088546
171.0,1991.25,275.950216,0.1385814016321406
3164.0,2815.38,209.317649,0.07434792070697382
3160.0,3823.93,233.031607,0.06094034331172381
3195.0,1319.62,83.43328,0.06322523150603962
3174.0,2708.71,199.852628,0.07378147826825315
3189.0,3114.54,179.158832,0.05752336845890565
3182.0,3250.19,204.748995,0.0629960079256905
3192.0,1857.73,163.491242,0.08800592228149408
347.0,2815.38,199.991972,0.07103551634237652
343.0,3823.93,256.310009,0.0670279029689351
145.0,2164.07,959.190271,0.44323440138258
172.0,2383.36,823.516897,0.3455276991306391
3151.0,3164.13,858.778442,0.2714106063910143
375.0,1857.73,402.670062,0.21675381352510859
357.0,2708.71,459.430432,0.1696122626637772
365.0,3250.19,471.321873,0.145013637048911
368.0,3149.8,451.01971,0.14318995174296778
364.0,3298.61,515.475597,0.1562705494132377
378.0,1852.2,2069.515676,1.1173284072994276
1779.0,5441.47,5532.573671,1.0167424741843656
385.0,2761.88,2176.55294,0.7880693368285371
3370.0,3668.44,2176.199671,0.593222097403801
3387.0,2865.5,2089.719241,0.7292686236258942
3369.0,4580.58,2210.589846,0.48260042309052564
3396.0,3298.61,2140.112865,0.6487923291932056
152.0,4904.43,3663.18805,0.7469141266161409
142.0,5628.36,4291.161596,0.7624177550831859
1857.0,5196.05,8272.653764,1.592104341567152
2030.0,2628.58,7852.118217,2.987209146002785
2375.0,3125.06,7964.722977,2.5486624183215683
2056.0,3905.97,7763.407439,1.9875747737437819
2359.0,3845.69,8046.16864,2.0922561724944027
1955.0,3905.97,7452.735316,1.9080370089888046
2378.0,5628.43,7957.163411,1.4137447584850482
2338.0,5357.24,8215.567718,1.5335448324137058
2365.0,4122.23,8061.276718,1.9555620909071063
2750.0,4658.29,7007.158104,1.5042339794216333
2463.0,4658.29,6714.887052,1.4414918461495527
2174.0,4658.29,6452.096951,1.3850784195488044
2392.0,5196.05,7959.252899,1.5317891280876819
1929.0,2628.58,7644.847881,2.908356557913398
2088.0,5196.05,7714.210043,1.4846296788906959
1761.0,3905.97,7274.677794,1.8624510157528094
1735.0,2628.58,7376.815741,2.8063881415060603
2055.0,3845.69,7854.659173,2.0424577053792685
2071.0,3125.06,7704.757004,2.46547490416184
1970.0,3125.06,7395.026879,2.3663631671071914
1954.0,3845.69,7546.047057,1.9622088772105915
2490.0,5441.47,6665.468798,1.2249389958963295
2759.0,3905.97,6999.698348,1.792051231320261
1063.0,3729.39,5566.824644,1.4926903981616297
2777.0,5441.47,6886.343105,1.2655299220615017
2201.0,5441.47,6383.799822,1.173175598138003
164.0,3113.32,4403.719047,1.4144768436909791
1053.0,4912.33,5604.33032,1.1408700799824116
2791.0,5198.71,6897.115733,1.3266975332342061
2733.0,2628.58,7112.557742,2.7058555349276037
2569.0,2663.45,6264.006353,2.3518392885167736
2034.0,5357.24,7999.200188,1.4931569591804736
2472.0,3908.63,6721.024893,1.7195346945093293
1760.0,3845.69,7296.234239,1.897249710455081
1776.0,3125.06,7196.816777,2.302937152246677
2774.0,3125.06,6945.002893,2.2223582564814754
2446.0,2628.58,6814.187021,2.592345304689224
2061.0,4122.23,7815.837177,1.8960216137867127
2758.0,3845.69,7023.159182,1.8262416320608266
1960.0,4122.23,7498.310187,1.8189936483408253
1933.0,5357.24,7687.061789,1.4348921812351136
538.0,3729.39,5286.879758,1.4176258739364884
2613.0,5441.47,6096.237281,1.1203291171319514
1633.0,5441.47,5858.701761,1.0766762953760656
3190.0,3268.46,4127.389662,1.2627933834282812
334.0,3164.79,4049.255623,1.279470556656208
507.0,5547.44,5504.185255,0.9922027556855055
165.0,3271.45,4390.054909,1.341929391859879
528.0,4912.33,5329.573257,1.0849379534762527
1739.0,5357.24,7453.635949,1.391320147874652
1766.0,4122.23,7269.340724,1.7634486003934764
2737.0,5357.24,7151.971115,1.3350103999447478
2764.0,4122.23,7011.395488,1.7008744024472193
2450.0,5357.24,6891.123746,1.2863197739880985
2556.0,3729.39,5046.904068,1.3532787045602632
162.0,3720.93,4472.707576,1.2020402361775147
335.0,3065.0,4109.084293,1.3406474039151712
504.0,4763.93,5560.325303,1.167171915414374
2525.0,5547.44,5278.219174,0.9514693577578126
2546.0,4912.33,5144.44223,1.0472509440530258
3177.0,4905.09,4271.32596,0.8707946153893201
2157.0,2631.24,6633.471304,2.5210438059622082
2487.0,3127.72,6709.425725,2.1451490942283837
2471.0,3848.35,6801.070147,1.7672691275481702
509.0,4238.2,5546.00636,1.3085758954273041
2595.0,3940.84,6269.024306,1.590783768435156
1660.0,2442.29,5820.426147,2.3831838753792547
2215.0,5230.92,6401.685684,1.223816400174348
1.0,2563.62,594.364881,0.23184593699534253
2881.0,2563.62,557.993241,0.21765832728719547
2627.0,5230.92,6205.744371,1.1863581111926773
1980.0,2563.62,820.122582,0.31990801366817234
1221.0,5547.44,5011.686075,0.9034232141312029
2504.0,5198.71,6723.756875,1.2933510188104356
631.0,2563.62,1659.644749,0.6473832896451113
1589.0,2663.45,6112.215329,2.2948489098725338
2573.0,5392.11,6437.931124,1.1939539668144752
2594.0,3880.56,6299.78239,1.6234209469767251
2610.0,3159.93,6208.286609,1.964691182716073
2477.0,4124.89,6784.697996,1.6448191336011382
1661.0,3645.68,5852.96386,1.6054518937482172
1615.0,3940.84,6001.477337,1.5228929205448585
1087.0,4220.45,5579.382461,1.321987575021621
341.0,4497.33,4136.643279,0.9197998098871998
3194.0,6421.67,4247.402386,0.6614171058307262
1647.0,5230.92,5991.517813,1.1454042143638212
2636.0,2563.62,1951.294373,0.7611480535336751
1026.0,2663.45,5825.10402,2.1870521391428412
2183.0,3908.63,6591.588756,1.6864192200336179
1630.0,3159.93,5969.586504,1.8891515014573108
1614.0,3880.56,6039.884149,1.5564465306553694
2182.0,3848.35,6588.843267,1.712121627970429
2600.0,4157.1,6303.802258,1.5163941829640852
1070.0,6162.54,5755.264011,0.9339110189954143
1052.0,3940.84,5723.619707,1.4523857114219303
2161.0,5359.9,6666.850091,1.2438385214276386
1593.0,5392.11,6171.001856,1.1444502905170704
2522.0,4763.93,5333.736184,1.1196084291750719
501.0,2663.45,5593.844847,2.100225214289737
2401.0,2563.62,317.950041,0.12402385727994009
2519.0,2663.45,5303.821933,1.9913352730481144
1067.0,3159.93,5661.263968,1.7915789172544963
1051.0,3880.56,5741.87649,1.4796515167913908
2544.0,3880.56,5183.798131,1.3358376448244582
2545.0,3940.84,5179.084692,1.3142083139635206
1620.0,4157.1,6039.329177,1.4527745728993768
1057.0,4157.1,5765.139485,1.3868176096317142
2527.0,4238.2,5350.545255,1.262456999433722
2560.0,3159.93,5076.321015,1.6064662872278819
1030.0,5392.11,5869.832483,1.088596575922969
2198.0,3127.72,6570.539859,2.1007442670699428
2536.0,5370.45,5338.260879,0.9940062525486693
518.0,5370.45,5575.094607,1.0381056721503785
2188.0,4124.89,6625.42162,1.60620564912034
1219.0,5392.11,5084.956813,0.9430365502558368
1218.0,4763.93,5170.180589,1.0852763556559393
2563.0,6161.93,5168.75658,0.8388210479508855
545.0,6162.54,5458.007024,0.8856749041791209
2093.0,2563.62,170.450278,0.06648812148446338
861.0,2563.62,177.027351,0.06905366278933696
1314.0,2563.62,164.995149,0.0643602207035364
3407.0,1857.73,4440.049784,2.390040417068142
3389.0,2708.71,4524.428072,1.670325753587501
3412.0,2363.16,4445.319632,1.8810912642394082
3372.0,3971.99,4695.948733,1.1822660009214525
3185.0,3178.9,5087.361969,1.600352942527289
710.0,1857.73,4235.320673,2.2798365063814443
3417.0,2761.88,4475.193996,1.6203433878372702
3380.0,3608.82,4665.820095,1.2928935483066486
731.0,3670.54,4234.319637,1.1535958297689168
715.0,2363.16,4255.628901,1.80082131594983
690.0,2865.5,4403.728219,1.5368097082533587
3410.0,1852.2,4548.439719,2.4556957774538386
353.0,2165.29,4909.348436,2.2672937278609333
3400.0,3149.8,4601.056185,1.4607455028890723
262.0,2363.16,3981.743088,1.6849231909815672
1241.0,3940.84,5808.839874,1.4740105850529328
372.0,3114.54,4883.856011,1.5680826096309568
237.0,2865.5,4141.806005,1.4454042941894958
2818.0,2865.5,3885.50823,1.3559616925492932
1240.0,3880.56,5821.282608,1.5001140577648588
1252.0,3729.39,5784.368467,1.5510226785077454
2843.0,2363.16,3817.001378,1.615210725469287
1242.0,4912.33,5870.975699,1.1951509159604505
2859.0,3670.54,3760.820897,1.0245960804132361
2862.0,3565.32,3750.510767,1.051942256796024
1273.0,5230.92,5770.357619,1.103124807682014
1256.0,3159.93,5777.154005,1.8282537920143802
125.0,2663.45,5690.274109,2.136429859392893
3379.0,2815.38,4814.779661,1.710170442711108
1223.0,4238.2,5967.776106,1.408092139587561
257.0,1857.73,4070.280573,2.1909968472275305
3153.0,5031.55,5474.771469,1.0880884556448809
350.0,5629.58,5088.516124,0.9038891221014711
151.0,3940.84,5589.822423,1.418434248282092
150.0,3880.56,5586.935452,1.4397240223060588
1246.0,4157.1,5846.50293,1.4063897741213824
129.0,5392.11,5763.563409,1.068888321825779
1232.0,5370.45,5995.591961,1.1164040184714503
2243.0,2865.5,3643.252627,1.2714195173617169
131.0,5547.44,5749.681005,1.036456636754972
3014.0,2563.62,191.359282,0.07464416801241994
3150.0,2663.45,5459.577754,2.04981424618446
166.0,3159.93,5518.585247,1.7464264230536752
3154.0,5392.11,5533.46592,1.0262153257259217
156.0,4157.1,5603.628375,1.3479657393375188
128.0,4763.93,5803.546068,1.218226562522959
133.0,4238.2,5767.933165,1.3609393527912794
673.0,3668.44,4617.195806,1.2586265022734457
3156.0,5547.44,5531.539189,0.9971336668805793
3158.0,4496.67,5507.627575,1.2248236083590747
339.0,5544.45,5262.124108,0.9490795494593693
2268.0,2363.16,3563.693081,1.5080202275766348
1259.0,6162.54,5967.64284,0.9683738912850871
675.0,3975.62,4693.95048,1.1806838882991837
683.0,3608.82,4687.682309,1.2989515434407921
1690.0,2865.5,3517.085398,1.2273897742104345
267.0,2761.88,4168.59217,1.5093313865917417
383.0,2264.48,5070.566406,2.2391747359217127
3157.0,3995.82,5584.866148,1.3976771095795106
3166.0,3017.94,5499.264145,1.8221913440956414
3197.0,2383.36,5312.454471,2.228976936341971
3170.0,2164.63,5450.177009,2.5178330749365943
3152.0,3068.86,5564.187173,1.8131120914606726
373.0,3271.45,5087.411269,1.5550936951504686
340.0,3995.82,5309.17839,1.3286830713095183
3172.0,2885.7,5503.945293,1.9073172169664208
3165.0,3629.02,5549.908134,1.5293131848267578
3167.0,5370.45,5519.580542,1.0277687236637525
380.0,2383.36,5076.795109,2.1300999886714553
355.0,2885.7,5252.318032,1.8201192196000973
349.0,3236.54,5244.524539,1.6204108520209854
348.0,3629.02,5293.024041,1.4585271067671162
169.0,6162.54,5673.490243,0.9206415281685799
3415.0,2264.48,4841.9594,2.1382213135024375
3404.0,3113.32,4908.34063,1.5765615580794776
3405.0,3271.45,4897.281186,1.496975709853429
336.0,4760.94,5355.384863,1.124858717606187
3187.0,3721.49,5442.103566,1.4623453417851453
338.0,3688.64,5374.286492,1.4569831948902578
3155.0,3685.01,5632.346381,1.528448058756964
2838.0,1857.73,4084.312786,2.1985502661850753
1738.0,4818.86,8747.531621,1.8152699229693332
2449.0,4818.86,8196.932218,1.7010106577074247
2736.0,4818.86,8480.842136,1.7599270649074676
2160.0,4821.52,7909.207406,1.640397095936551
703.0,3149.8,4711.712172,1.4958766181979806
2674.0,4695.08,3043.603049,0.648253714313707
3381.0,2986.47,5058.127183,1.6936808951705524
2586.0,4933.77,7582.705989,1.5368989614432775
1606.0,4933.77,7309.217402,1.481466992178395
1043.0,4933.77,7027.403484,1.4243476051781903
720.0,2793.35,4619.485255,1.653743804034582
1973.0,5682.08,8843.753083,1.5564288223678653
713.0,1852.2,4644.139358,2.5073638689126447
718.0,2264.48,4635.211576,2.0469209602204477
707.0,3113.32,4712.185799,1.5135565245461435
2848.0,2761.88,4130.166501,1.4954185196315553
390.0,2178.33,5173.269329,2.3748786129741593
2019.0,3099.39,2229.047555,0.7191891162454548
692.0,2708.71,4806.946792,1.7746258521584073
1313.0,3100.61,2478.435584,0.7993380605751771
686.0,3487.06,4888.704826,1.4019560391848722
2263.0,1857.73,3817.067173,2.0546942628907323
708.0,3268.46,4779.344914,1.462262017586264
706.0,4695.08,4832.011249,1.029164838298815
649.0,3487.06,2905.127889,0.8331166911380934
40.0,3100.61,1956.428487,0.6309818026130342
1771.0,3791.35,8737.627446,2.304621690426893
233.0,3487.06,4616.624607,1.32393036168004
222.0,3975.62,4684.242576,1.1782420291677775
1720.0,2761.88,3643.331355,1.3191490415948555
230.0,3608.82,4702.668213,1.3031041207375262
2654.0,3487.06,3272.296326,0.9384112478706992
1710.0,1857.73,3680.059623,1.9809442830766582
250.0,3149.8,4563.763158,1.4489056949647594
239.0,2708.71,4639.914601,1.7129610039465282
2293.0,2785.04,10194.504414,3.660451704104789
2287.0,2933.69,10227.124849,3.486095957309736
220.0,3668.44,4781.389307,1.3033849012114143
3513.0,1857.73,3421.637865,1.8418380846516986
514.0,3030.21,6927.950438,2.286293833760696
2678.0,1857.73,3235.852209,1.7418312720363025
260.0,1852.2,4554.05504,2.4587274808336033
2307.0,4485.58,10228.566308,2.280321899954967
2318.0,3290.49,10152.735433,3.0854782822619127
3424.0,4809.38,5151.321766,1.071098928760048
3176.0,3940.84,5849.346373,1.484289230976137
2022.0,1857.73,2378.609107,1.280384720599872
2801.0,3668.44,4559.915719,1.2430122120029221
2869.0,3808.19,4344.502179,1.1408312555308426
215.0,2660.44,4916.21542,1.8478956187698277
333.0,2663.45,5745.146497,2.157031856051362
2811.0,3608.82,4543.691738,1.2590519166929912
359.0,3937.85,5595.551017,1.4209660136876723
1715.0,2363.16,3849.123268,1.628803495319826
2305.0,3465.45,10287.901869,2.968705902263775
2867.0,2547.62,4307.383651,1.690748090767069
668.0,2663.45,5204.373041,1.953996899134581
3365.0,2663.45,5467.720339,2.052871403255177
736.0,2563.62,499.216866,0.1947312261567627
3391.0,4046.17,5378.642786,1.3293170543995927
2796.0,2663.45,4645.928838,1.7443274091873322
1668.0,2660.44,4065.629152,1.528179230503225
694.0,4046.17,5096.93444,1.2596935966605456
3175.0,3880.56,5902.256181,1.5209805236873029
3191.0,3159.93,5763.232675,1.8238482102451639
3371.0,5547.44,5468.672757,0.9858011545866202
358.0,3880.56,5664.6056,1.4597392128971076
674.0,5657.46,5218.823668,0.9224676211586118
2221.0,2663.45,4338.644021,1.6289564365766207
1818.0,3205.9,10108.647078,3.153138612558096
682.0,2815.38,5144.371911,1.8272389201457708
3049.0,3144.52,542.421072,0.17249725617900347
1080.0,4381.73,7212.312011,1.6459964468372084
221.0,5652.77,4958.107304,0.877111098452617
513.0,2950.18,7045.135927,2.3880359595007765
3523.0,2761.88,3540.374579,1.2818712540008979
3471.0,2663.45,3785.036642,1.4211029461788283
1274.0,2663.45,2590.348653,0.9725538880024029
677.0,4246.69,5208.631788,1.226515659961052
337.0,5389.12,5803.675059,1.0769244438795202
1817.0,2933.69,10109.209831,3.445902542872628
684.0,2986.47,5156.728498,1.7266969023629906
2886.0,3660.73,2150.408552,0.5874261559852816
1835.0,3465.45,10121.827208,2.920782930932491
2688.0,2761.88,3380.268034,1.2239011231480006
241.0,4046.17,4867.05328,1.2028790881253135
2803.0,3971.99,4712.451697,1.186420836155177
1837.0,4485.58,10132.14403,2.2588258441494746
3019.0,3663.16,823.813398,0.22489145928651766
741.0,3663.16,588.602645,0.16068166419157232
727.0,4809.38,5083.28464,1.05695217262932
3406.0,2820.74,5919.628944,2.098608501315258
3388.0,6107.55,6102.275752,0.9991364380152433
900.0,3099.39,1886.718879,0.6087387773077928
1848.0,3290.49,11115.106013,3.377948576959663
778.0,1857.73,1391.987402,0.7492947855716385
743.0,4114.43,1653.422542,0.40185944152652975
3179.0,4020.5,7546.654975,1.8770438937943044
3178.0,3366.75,7521.066978,2.233924995321898
1854.0,3923.36,11600.610442,2.9568049941886545
3159.0,4236.88,7645.183732,1.80443716413965
3180.0,4482.74,7529.789339,1.6797292144982756
361.0,3366.75,7285.893595,2.164073244226628
3393.0,3366.75,7013.130819,2.0830566032523947
342.0,4455.48,7350.114714,1.6496796560639932
362.0,4020.5,7289.204957,1.8130095652282054
696.0,3366.75,6774.697265,2.012236508502265
3374.0,4236.88,7124.923655,1.6816439585260852
732.0,2951.44,6588.610883,2.2323377344618223
243.0,3366.75,6507.7498,1.9329471448726516
2824.0,3366.75,6228.871572,1.8501140779683671
2074.0,5576.72,11334.536874,2.0324737254156564
370.0,3721.49,7854.280593,2.1105204079548785
3367.0,3068.86,7720.233765,2.5156682823589214
3385.0,2164.63,7627.591988,3.5237393864078386
3418.0,3471.15,7523.550028,2.167451717154257
216.0,3163.57,7226.766576,2.2843706875460317
3366.0,3164.13,7770.30882,2.4557489167638495
721.0,3471.15,7293.396785,2.101147108307045
268.0,3471.15,6959.839416,2.005052912147271
360.0,4904.43,7972.865101,1.6256456103971306
265.0,2264.48,6953.891379,3.07085572802586
356.0,7382.24,8044.351703,1.0896898100034678
670.0,3068.86,7530.659835,2.4538948779025436
3368.0,5031.55,7831.36703,1.5564521926642882
255.0,3271.45,7042.147326,2.1526073533142798
218.0,5030.99,7300.549463,1.4511158763980847
2849.0,3471.15,6787.597198,1.9554318303732192
669.0,3164.13,7544.311131,2.3843240103914822
3395.0,4482.74,7696.035675,1.7168150896549879
217.0,3063.78,7231.574122,2.3603437981839424
2249.0,3366.75,6548.582115,1.945075255067944
3402.0,3721.49,7652.682375,2.056349036273106
3373.0,4496.67,7780.35159,1.730247403078278
3392.0,4904.43,7781.131907,1.5865517311899648
3382.0,5628.92,7808.669678,1.3872411897841859
377.0,6421.01,7923.635755,1.234017040154119
3426.0,4478.92,7664.723207,1.7112882585534013
1353.0,3099.39,3244.333576,1.0467651944414869
2816.0,2160.03,7115.161967,3.2940107160548693
651.0,2218.3,5645.828091,2.5451147685164313
254.0,3113.32,7323.529203,2.352321381354952
2241.0,2160.03,6824.323917,3.1593653407591558
688.0,2164.63,7709.401252,3.561533034282995
235.0,2164.63,7436.455154,3.435439384097975
3491.0,2164.63,6328.400523,2.9235483768588626
2322.0,3210.51,12832.143433,3.9969174470722715
1688.0,2160.03,6622.741821,3.0660415924778817
2797.0,3163.57,7247.108386,2.290800704899844
2656.0,2164.63,5663.9466,2.616588793465858
2402.0,3143.83,4493.184586,1.4292072363963702
2403.0,3041.3,4487.42639,1.475496133232499
738.0,3035.04,3122.407569,1.0287862990273604
671.0,5031.55,7849.73598,1.5601029464081646
2860.0,2951.44,7037.166129,2.3843161741387253
252.0,3720.93,7389.279984,1.9858691198168201
242.0,4837.72,7509.452278,1.5522709619407489
2317.0,2910.97,12898.22217,4.430901785315548
698.0,4482.74,7749.883078,1.7288272525285875
1732.0,2951.44,6462.319935,2.1895481307429594
2303.0,4038.67,12988.46492,3.216025305360428
705.0,3721.49,7730.328599,2.077213320202392
245.0,4482.74,7465.277807,1.6653381206583475
2299.0,4156.19,13037.089145,3.1367885358946537
685.0,5628.92,7856.720031,1.3957775258841838
232.0,5628.36,7530.283952,1.3379179640250447
3196.0,1991.25,8414.113868,4.2255436876333965
3394.0,4020.5,8088.57621,2.01183340629275
2799.0,5030.99,7308.988104,1.4527932084937558
1696.0,3366.75,6653.212198,1.9761527282988045
2324.0,3368.31,12927.103386,3.837860347177071
676.0,4496.11,7889.093476,1.7546486798588115
697.0,4020.5,7817.870414,1.9445020305932097
695.0,4904.43,7840.843744,1.5987268131057022
2697.0,4478.92,6080.681853,1.3576223404302823
729.0,4478.92,7678.289503,1.7143171798112045
2857.0,4478.92,7165.275934,1.5997776102274657
379.0,1991.25,8283.623622,4.160011862900188
3411.0,1991.25,7985.80705,4.010449240426868
1729.0,4478.92,6607.929424,1.4753399087279968
714.0,1991.25,7775.281153,3.9047237428750785
261.0,1991.25,7490.309064,3.7616115826742
2842.0,1991.25,7281.759485,3.6568785863151283
2267.0,1991.25,6887.554902,3.4589101830508473
1714.0,1991.25,6690.386988,3.3598930259887005
3517.0,1991.25,6395.957708,3.2120314917765223
2682.0,1991.25,6162.726724,3.094903565097301
2026.0,1991.25,5306.921235,2.6651205197740113
2820.0,2708.71,7917.679823,2.9230444835364437
1823.0,2785.04,13586.739019,4.878471770243874
709.0,2820.74,8547.462774,3.0302200039705895
1859.0,4184.24,13483.315663,3.2224049440280673
